treatment,feel1,feel2,feel3,feel4
No Contact,2,6,0,6
No Contact,91,90,100,93
No Contact,46,67,38,46
No Contact,6,0,NA,16
No Contact,100,100,100,100
No Contact,99,100,83,NA
No Contact,51,52,41,44
No Contact,47,52,48,57
No Contact,64,76,54,64
No Contact,61,66,51,74
No Contact,97,87,100,100
No Contact,22,24,45,25
No Contact,50,51,54,45
No Contact,96,NA,89,100
No Contact,1,0,0,9
No Contact,50,51,48,57
No Contact,1,0,NA,1
No Contact,80,75,70,77
No Contact,89,100,100,90
No Contact,50,53,55,63
No Contact,100,99,98,100
No Contact,91,NA,88,85
No Contact,67,72,65,56
No Contact,7,NA,0,0
No Contact,52,36,63,47
No Contact,1,NA,NA,16
No Contact,55,61,54,51
No Contact,100,100,97,96
No Contact,50,NA,47,53
No Contact,7,4,0,10
No Contact,100,100,100,100
No Contact,51,NA,55,49
No Contact,56,68,47,44
No Contact,88,87,78,81
No Contact,50,50,47,42
No Contact,50,49,52,36
No Contact,2,6,7,NA
No Contact,85,NA,89,96
No Contact,100,96,100,100
No Contact,50,52,51,57
No Contact,50,NA,58,NA
No Contact,76,NA,100,77
No Contact,45,57,NA,44
No Contact,11,13,4,10
No Contact,50,50,50,NA
No Contact,50,52,NA,NA
No Contact,30,24,NA,13
No Contact,2,2,0,0
No Contact,50,53,44,55
No Contact,75,68,94,86
No Contact,2,0,12,10
No Contact,42,36,33,39
No Contact,48,50,53,58
No Contact,60,54,NA,59
No Contact,100,96,99,NA
No Contact,50,57,49,60
No Contact,99,99,84,85
No Contact,50,NA,44,45
No Contact,34,29,16,36
No Contact,51,48,54,60
No Contact,57,58,72,56
No Contact,99,100,NA,100
No Contact,50,58,NA,41
No Contact,91,84,70,93
No Contact,88,83,90,90
No Contact,50,NA,48,42
No Contact,100,100,100,NA
No Contact,51,44,60,61
No Contact,79,67,81,79
No Contact,100,100,NA,93
No Contact,53,61,59,62
No Contact,60,54,42,62
No Contact,50,NA,49,43
No Contact,90,86,85,90
No Contact,1,0,0,1
No Contact,7,5,10,4
No Contact,41,38,46,29
No Contact,100,99,99,88
No Contact,36,32,39,35
No Contact,40,37,48,34
No Contact,100,99,87,97
No Contact,50,50,44,46
No Contact,50,54,53,58
No Contact,22,25,37,17
No Contact,86,NA,85,83
No Contact,1,NA,NA,8
No Contact,50,48,NA,53
No Contact,31,NA,41,31
No Contact,100,92,93,100
No Contact,69,72,80,82
No Contact,50,53,49,56
No Contact,100,100,100,97
No Contact,47,60,45,30
No Contact,96,100,97,94
No Contact,51,NA,48,NA
No Contact,50,54,49,52
No Contact,2,8,0,0
No Contact,50,51,52,53
No Contact,100,100,99,96
No Contact,70,60,60,72
No Contact,50,NA,49,52
No Contact,32,30,15,NA
No Contact,50,47,NA,52
No Contact,41,30,59,33
No Contact,6,0,NA,5
No Contact,50,47,41,55
No Contact,50,54,NA,62
No Contact,99,100,100,100
No Contact,51,50,45,57
No Contact,51,48,46,46
No Contact,50,52,47,48
No Contact,50,49,50,38
No Contact,97,100,83,NA
No Contact,50,NA,52,34
No Contact,99,NA,86,100
No Contact,100,94,100,99
No Contact,84,85,NA,78
No Contact,50,46,57,51
No Contact,73,85,76,55
No Contact,53,55,73,61
No Contact,100,100,NA,91
No Contact,87,100,77,91
No Contact,91,91,88,100
No Contact,50,57,42,53
No Contact,100,100,98,100
No Contact,55,57,54,65
No Contact,50,47,56,51
No Contact,86,67,81,98
No Contact,7,6,NA,15
No Contact,100,100,88,93
No Contact,31,44,31,37
No Contact,52,32,39,57
No Contact,51,NA,52,43
No Contact,41,40,51,35
No Contact,45,42,50,46
No Contact,71,56,84,76
No Contact,31,20,46,24
No Contact,52,32,47,48
No Contact,65,NA,64,61
No Contact,51,30,46,45
No Contact,42,NA,36,33
No Contact,45,40,59,NA
No Contact,52,65,58,55
No Contact,46,59,36,49
No Contact,75,78,61,86
No Contact,58,69,62,58
No Contact,32,30,22,30
No Contact,51,42,56,43
No Contact,50,NA,44,NA
No Contact,5,0,2,3
No Contact,2,14,0,NA
No Contact,37,46,56,50
No Contact,60,NA,62,80
No Contact,50,52,59,37
No Contact,58,66,NA,47
No Contact,50,50,54,46
No Contact,50,50,51,45
No Contact,3,0,1,0
No Contact,50,NA,55,47
No Contact,100,95,100,NA
No Contact,26,21,11,29
No Contact,70,79,66,75
No Contact,50,NA,44,45
No Contact,70,60,56,71
No Contact,42,39,32,42
No Contact,85,82,NA,81
No Contact,22,26,14,23
No Contact,100,100,100,NA
No Contact,50,51,NA,46
No Contact,29,34,25,45
No Contact,64,63,80,NA
No Contact,5,NA,8,0
No Contact,10,22,14,10
No Contact,90,99,94,86
No Contact,22,21,31,NA
No Contact,72,72,63,76
No Contact,13,37,22,21
No Contact,56,57,47,62
No Contact,50,49,46,60
No Contact,54,52,NA,NA
No Contact,50,51,47,55
No Contact,50,53,48,55
No Contact,40,36,NA,NA
No Contact,2,2,6,0
No Contact,74,78,60,75
No Contact,60,63,48,64
No Contact,51,47,NA,46
No Contact,96,88,95,100
No Contact,62,69,61,65
No Contact,43,46,60,49
No Contact,11,NA,19,0
No Contact,44,22,48,52
No Contact,96,100,90,97
No Contact,100,100,92,100
No Contact,53,50,67,46
No Contact,55,63,NA,59
No Contact,51,46,NA,54
No Contact,57,53,56,56
No Contact,44,40,25,60
No Contact,9,20,8,12
No Contact,50,54,47,34
No Contact,51,37,28,44
No Contact,5,25,NA,4
No Contact,50,46,54,42
No Contact,50,48,44,43
No Contact,67,53,64,78
No Contact,90,80,97,100
No Contact,96,100,97,86
No Contact,91,90,81,85
No Contact,1,11,0,13
No Contact,90,92,97,82
No Contact,47,39,39,48
No Contact,69,65,72,65
No Contact,94,NA,96,NA
No Contact,97,99,82,NA
No Contact,10,NA,17,NA
No Contact,97,100,92,94
No Contact,2,2,13,0
No Contact,77,NA,86,74
No Contact,2,11,NA,3
No Contact,64,58,55,54
No Contact,50,46,51,47
No Contact,50,54,42,51
No Contact,11,11,14,NA
No Contact,50,53,43,48
No Contact,2,4,0,0
No Contact,50,47,55,61
No Contact,91,NA,NA,95
No Contact,92,100,100,100
No Contact,50,53,46,58
No Contact,4,2,17,NA
No Contact,100,100,100,NA
No Contact,44,43,NA,44
No Contact,3,5,1,1
No Contact,11,15,0,8
No Contact,42,37,50,50
No Contact,37,48,30,26
No Contact,70,79,51,77
No Contact,27,28,14,20
No Contact,99,100,100,NA
No Contact,3,0,0,0
No Contact,50,54,53,52
No Contact,72,65,NA,69
No Contact,58,51,54,NA
No Contact,31,24,42,41
No Contact,50,49,40,54
No Contact,72,69,90,80
No Contact,94,98,100,99
No Contact,97,91,NA,100
No Contact,70,NA,75,60
No Contact,95,100,98,93
No Contact,67,79,75,72
No Contact,50,54,53,40
No Contact,100,100,NA,96
No Contact,50,47,NA,50
No Contact,51,51,28,49
No Contact,51,47,49,46
No Contact,91,NA,100,83
No Contact,81,89,80,63
No Contact,76,79,76,79
No Contact,43,51,62,53
No Contact,100,100,96,100
No Contact,53,55,48,37
No Contact,51,56,56,55
No Contact,60,53,59,NA
No Contact,2,0,2,0
No Contact,100,96,98,100
No Contact,33,31,41,56
No Contact,60,NA,67,55
No Contact,84,85,74,85
No Contact,98,92,100,95
No Contact,3,13,0,6
No Contact,78,82,75,NA
No Contact,99,100,100,94
No Contact,50,NA,NA,49
No Contact,4,NA,0,0
No Contact,80,74,83,74
No Contact,6,4,4,8
No Contact,90,77,87,93
No Contact,91,97,81,100
No Contact,91,100,78,81
No Contact,90,94,75,91
No Contact,11,NA,17,11
No Contact,100,100,99,99
No Contact,98,100,97,96
No Contact,41,47,NA,31
No Contact,50,52,56,58
No Contact,100,98,100,NA
No Contact,1,0,20,NA
No Contact,100,96,99,93
No Contact,88,93,86,88
No Contact,61,54,68,58
No Contact,92,80,90,94
No Contact,2,8,0,NA
No Contact,66,61,76,61
No Contact,50,46,50,46
No Contact,60,51,NA,NA
No Contact,91,84,89,88
No Contact,96,82,100,94
No Contact,15,NA,19,5
No Contact,47,38,51,NA
No Contact,100,100,100,98
No Contact,31,34,19,38
No Contact,50,54,54,51
No Contact,5,2,0,0
No Contact,50,52,55,55
No Contact,98,92,100,100
No Contact,96,100,91,100
No Contact,54,51,68,61
No Contact,95,98,77,100
No Contact,50,53,47,48
No Contact,89,70,78,99
No Contact,43,38,45,27
No Contact,90,88,82,87
No Contact,50,55,47,38
No Contact,50,52,52,NA
No Contact,21,22,21,17
No Contact,100,99,97,NA
No Contact,100,100,96,100
No Contact,78,94,67,95
No Contact,31,30,40,NA
No Contact,4,9,NA,NA
No Contact,59,NA,61,NA
No Contact,75,85,76,73
No Contact,50,NA,57,49
No Contact,61,65,59,77
No Contact,50,50,52,50
No Contact,1,6,NA,17
No Contact,71,51,80,76
No Contact,51,42,44,64
No Contact,50,52,57,58
No Contact,21,22,22,33
No Contact,52,42,53,49
No Contact,61,71,71,59
No Contact,50,48,47,57
No Contact,70,72,56,NA
No Contact,74,77,NA,74
No Contact,1,0,23,1
No Contact,52,NA,45,54
No Contact,50,49,46,NA
No Contact,99,NA,100,100
No Contact,82,81,94,94
No Contact,58,NA,60,56
No Contact,16,20,22,1
No Contact,3,NA,5,0
No Contact,95,100,82,100
No Contact,72,54,55,63
No Contact,70,71,55,76
No Contact,69,67,84,69
No Contact,57,55,NA,61
No Contact,75,78,69,80
No Contact,72,NA,67,58
No Contact,58,71,NA,61
No Contact,88,79,NA,100
No Contact,81,70,87,NA
No Contact,1,0,0,0
No Contact,50,50,NA,56
No Contact,81,78,NA,83
No Contact,1,0,NA,0
No Contact,76,70,83,76
No Contact,50,49,49,NA
No Contact,1,NA,7,10
No Contact,54,46,58,62
No Contact,50,49,49,44
No Contact,85,79,92,84
No Contact,50,51,49,56
No Contact,2,NA,12,20
No Contact,71,62,76,64
No Contact,85,80,71,100
No Contact,50,55,51,42
No Contact,94,NA,NA,93
No Contact,100,NA,100,100
No Contact,51,59,49,51
No Contact,56,56,57,50
No Contact,75,73,59,74
No Contact,34,36,NA,32
No Contact,81,78,81,72
No Contact,75,67,67,58
No Contact,50,47,52,52
No Contact,100,100,100,100
No Contact,97,100,94,100
No Contact,76,78,87,77
No Contact,50,48,51,57
No Contact,42,33,44,41
No Contact,50,53,52,NA
No Contact,38,37,25,30
No Contact,34,NA,34,21
No Contact,29,36,21,30
No Contact,26,20,26,23
No Contact,19,29,NA,23
No Contact,10,5,15,20
No Contact,72,80,65,68
No Contact,50,NA,44,53
No Contact,85,88,83,87
No Contact,53,42,NA,56
No Contact,51,49,54,59
No Contact,52,56,49,46
No Contact,89,89,91,NA
No Contact,1,0,15,5
No Contact,69,82,NA,68
No Contact,50,47,45,48
No Contact,50,NA,44,51
No Contact,7,1,4,0
No Contact,60,50,58,49
No Contact,60,59,59,55
No Contact,97,100,100,100
No Contact,72,56,66,78
No Contact,62,79,58,65
No Contact,51,52,41,49
No Contact,22,19,9,10
No Contact,51,40,37,NA
No Contact,50,NA,45,57
No Contact,85,82,79,85
No Contact,50,49,45,51
No Contact,87,84,82,93
No Contact,51,51,64,57
No Contact,100,NA,97,100
No Contact,76,79,79,73
No Contact,67,60,89,67
No Contact,50,51,39,44
No Contact,18,6,NA,3
No Contact,41,53,42,NA
No Contact,80,72,83,85
No Contact,73,74,NA,72
No Contact,92,98,100,97
No Contact,100,100,100,97
No Contact,100,100,NA,92
No Contact,6,15,NA,0
No Contact,50,51,52,61
No Contact,74,83,82,NA
No Contact,69,72,61,60
No Contact,51,46,37,48
No Contact,50,48,48,45
No Contact,42,45,30,37
No Contact,75,72,96,64
No Contact,15,10,NA,4
No Contact,50,52,37,47
No Contact,100,95,100,93
No Contact,1,0,0,0
No Contact,50,NA,56,52
No Contact,75,84,73,75
No Contact,53,63,NA,63
No Contact,50,45,50,NA
No Contact,35,NA,46,23
No Contact,81,NA,66,68
No Contact,100,100,NA,96
No Contact,50,52,50,NA
No Contact,71,88,61,65
No Contact,1,2,9,0
No Contact,96,100,NA,89
No Contact,50,48,48,NA
No Contact,3,5,2,10
No Contact,32,39,35,49
No Contact,6,1,9,0
No Contact,70,NA,60,79
No Contact,100,100,100,100
No Contact,59,59,60,NA
No Contact,62,67,61,51
No Contact,2,1,19,17
No Contact,51,59,63,55
No Contact,50,46,52,57
No Contact,11,25,5,0
No Contact,11,18,NA,9
No Contact,85,82,98,88
No Contact,53,42,48,52
No Contact,51,58,66,51
No Contact,100,100,100,100
No Contact,76,NA,NA,NA
No Contact,92,94,NA,89
No Contact,69,73,60,NA
No Contact,92,94,93,86
No Contact,2,1,16,0
No Contact,2,NA,2,0
No Contact,88,91,100,91
No Contact,32,37,22,31
No Contact,70,60,63,69
No Contact,97,87,78,NA
No Contact,41,NA,30,51
No Contact,73,74,71,68
No Contact,44,34,51,45
No Contact,50,50,46,46
No Contact,24,32,26,2
No Contact,37,43,40,41
No Contact,100,100,95,87
No Contact,29,33,28,38
No Contact,52,55,43,35
No Contact,50,49,54,56
No Contact,47,54,46,41
No Contact,40,45,NA,36
No Contact,51,55,61,54
No Contact,95,93,97,80
No Contact,51,NA,52,45
No Contact,97,96,NA,83
No Contact,61,56,59,64
No Contact,50,46,56,41
No Contact,41,30,45,51
No Contact,75,82,81,62
No Contact,96,90,NA,100
No Contact,78,76,NA,83
No Contact,49,47,62,52
No Contact,10,22,27,NA
No Contact,80,68,85,NA
No Contact,74,76,66,74
No Contact,72,78,79,65
No Contact,50,50,48,57
No Contact,50,NA,60,48
No Contact,51,55,65,NA
No Contact,87,76,94,88
No Contact,100,95,94,97
No Contact,100,96,99,97
No Contact,90,77,87,NA
No Contact,46,NA,42,40
No Contact,7,12,7,12
No Contact,50,49,59,51
No Contact,100,100,100,99
No Contact,85,82,88,84
No Contact,1,0,7,8
No Contact,43,NA,50,45
No Contact,42,NA,43,NA
No Contact,41,43,45,47
No Contact,87,68,NA,88
No Contact,36,NA,33,45
No Contact,15,27,18,7
No Contact,60,62,58,66
No Contact,68,67,58,67
No Contact,19,27,5,8
No Contact,89,96,95,85
No Contact,1,0,NA,4
No Contact,100,100,100,100
No Contact,62,69,71,49
No Contact,100,NA,98,100
No Contact,50,54,58,48
No Contact,54,NA,49,60
No Contact,4,14,NA,0
No Contact,49,45,50,38
No Contact,3,0,NA,1
No Contact,52,50,41,43
No Contact,53,51,NA,44
No Contact,5,17,1,9
No Contact,91,NA,100,84
No Contact,91,97,87,93
No Contact,41,59,37,NA
No Contact,1,18,21,3
No Contact,41,46,29,46
No Contact,1,0,NA,0
No Contact,50,55,44,55
No Contact,54,43,NA,54
No Contact,99,NA,100,NA
No Contact,94,96,90,92
No Contact,30,46,NA,25
No Contact,98,100,96,99
No Contact,51,48,53,55
No Contact,85,NA,NA,NA
No Contact,50,45,55,56
No Contact,42,36,44,NA
No Contact,50,NA,46,48
No Contact,72,77,82,64
No Contact,56,51,58,53
No Contact,89,86,96,93
No Contact,3,5,14,5
No Contact,1,9,0,4
No Contact,51,57,NA,49
No Contact,55,41,62,57
No Contact,58,62,62,62
No Contact,41,38,44,36
No Contact,70,75,NA,NA
No Contact,41,39,40,42
No Contact,3,3,0,7
No Contact,1,0,NA,1
No Contact,7,14,14,0
No Contact,72,74,63,75
No Contact,45,48,53,53
No Contact,52,NA,43,50
No Contact,86,63,96,82
No Contact,50,56,49,59
No Contact,81,85,79,82
No Contact,59,60,NA,63
No Contact,51,42,43,49
No Contact,50,49,53,60
No Contact,63,77,55,60
No Contact,78,68,71,100
No Contact,49,47,NA,64
No Contact,28,23,29,30
No Contact,69,63,74,65
No Contact,50,51,59,63
No Contact,92,100,NA,83
No Contact,100,100,89,93
No Contact,1,NA,NA,15
No Contact,47,40,31,27
No Contact,96,100,100,97
No Contact,50,49,56,57
No Contact,100,94,99,NA
No Contact,61,49,57,58
No Contact,100,NA,94,100
No Contact,53,63,70,63
No Contact,32,34,39,37
No Contact,34,NA,22,NA
No Contact,1,NA,19,5
No Contact,100,100,100,100
No Contact,55,68,61,54
No Contact,100,100,100,100
No Contact,50,48,48,47
No Contact,52,57,44,60
No Contact,53,56,40,44
No Contact,21,25,8,25
No Contact,59,60,51,67
No Contact,91,93,82,90
No Contact,80,78,80,79
No Contact,30,28,29,32
No Contact,84,72,89,85
No Contact,61,60,69,71
No Contact,100,100,100,100
No Contact,90,92,99,95
No Contact,50,49,48,NA
No Contact,100,97,99,100
No Contact,31,NA,42,NA
No Contact,39,NA,43,32
No Contact,13,7,2,11
No Contact,63,58,49,61
No Contact,50,50,NA,35
No Contact,65,57,66,51
No Contact,50,48,52,NA
No Contact,50,45,46,50
No Contact,52,53,58,NA
No Contact,67,76,58,83
No Contact,50,51,53,49
No Contact,47,60,47,36
No Contact,50,56,45,54
No Contact,100,NA,100,NA
No Contact,89,82,93,87
No Contact,15,19,12,9
No Contact,98,93,99,87
No Contact,50,51,48,56
No Contact,50,45,53,NA
No Contact,59,48,39,57
No Contact,53,41,NA,46
No Contact,52,46,45,43
No Contact,100,NA,NA,100
No Contact,50,51,57,38
No Contact,70,71,58,69
No Contact,1,12,11,1
No Contact,13,0,19,5
No Contact,50,52,54,54
No Contact,1,0,0,9
No Contact,15,25,21,0
No Contact,96,98,92,NA
No Contact,50,44,48,60
No Contact,7,13,NA,0
No Contact,100,98,NA,100
No Contact,50,46,47,65
No Contact,52,40,56,62
No Contact,50,49,54,52
No Contact,26,11,NA,33
No Contact,85,92,83,80
No Contact,50,49,49,46
No Contact,49,48,46,51
No Contact,31,48,39,28
No Contact,50,46,48,50
No Contact,50,NA,53,38
No Contact,70,82,NA,63
No Contact,12,NA,12,0
No Contact,97,89,78,100
No Contact,50,48,54,52
No Contact,50,49,47,57
No Contact,31,30,32,37
No Contact,51,55,47,52
No Contact,91,NA,87,NA
No Contact,84,NA,97,NA
No Contact,49,51,51,56
No Contact,42,30,55,47
No Contact,3,0,16,2
No Contact,47,41,58,38
No Contact,71,66,NA,77
No Contact,52,58,78,53
No Contact,31,38,29,26
No Contact,100,NA,100,97
No Contact,97,86,97,100
No Contact,50,51,39,65
No Contact,40,NA,40,NA
No Contact,100,99,91,100
No Contact,97,100,NA,100
No Contact,100,100,97,93
No Contact,73,69,61,72
No Contact,75,79,81,88
No Contact,91,100,83,85
No Contact,50,52,64,51
No Contact,28,34,NA,22
No Contact,50,45,50,48
No Contact,100,99,94,95
No Contact,50,51,59,46
No Contact,95,88,NA,83
No Contact,89,88,77,99
No Contact,89,86,NA,97
No Contact,70,55,80,69
No Contact,50,53,48,53
No Contact,40,40,44,37
No Contact,10,0,0,6
No Contact,100,100,100,87
No Contact,91,80,96,82
No Contact,91,79,92,89
No Contact,72,64,78,77
No Contact,72,62,77,81
No Contact,50,51,50,50
No Contact,100,97,100,100
No Contact,50,NA,54,NA
No Contact,100,100,100,NA
No Contact,93,96,88,NA
No Contact,95,97,100,100
No Contact,45,NA,35,49
No Contact,50,51,50,49
No Contact,4,10,6,0
No Contact,75,89,56,65
No Contact,50,49,48,NA
No Contact,56,49,62,42
No Contact,93,NA,100,91
No Contact,98,100,100,98
No Contact,61,58,63,57
No Contact,1,3,0,0
No Contact,50,NA,53,42
No Contact,66,65,88,62
No Contact,50,51,NA,49
No Contact,50,53,48,54
No Contact,51,50,48,38
No Contact,52,59,50,54
No Contact,73,84,NA,79
No Contact,75,63,71,NA
No Contact,100,100,96,90
No Contact,50,52,53,42
No Contact,50,47,NA,53
No Contact,100,100,100,NA
No Contact,40,46,NA,43
No Contact,69,60,61,67
No Contact,50,48,49,39
No Contact,99,97,100,100
No Contact,88,95,NA,78
No Contact,100,99,97,NA
No Contact,99,100,NA,98
No Contact,50,51,52,57
No Contact,50,51,55,52
No Contact,50,51,48,49
No Contact,60,76,66,73
No Contact,89,95,67,88
No Contact,1,0,16,0
No Contact,96,100,100,100
No Contact,3,2,NA,1
No Contact,3,0,0,0
No Contact,91,67,94,94
No Contact,6,17,0,NA
No Contact,33,NA,30,NA
No Contact,86,86,NA,89
No Contact,100,98,97,100
No Contact,80,70,63,87
No Contact,59,NA,44,71
No Contact,60,51,64,70
No Contact,70,66,75,53
No Contact,50,48,NA,55
No Contact,97,NA,NA,100
No Contact,61,59,65,57
No Contact,16,10,17,NA
No Contact,72,65,80,73
No Contact,4,7,0,9
No Contact,50,53,50,50
No Contact,70,NA,70,77
No Contact,17,20,30,27
No Contact,50,49,NA,38
No Contact,50,52,41,NA
No Contact,68,NA,68,62
No Contact,59,51,44,50
No Contact,51,NA,30,49
No Contact,53,53,49,NA
No Contact,100,95,100,98
No Contact,52,47,49,54
No Contact,30,40,31,29
No Contact,2,0,0,1
No Contact,75,74,60,NA
No Contact,50,52,51,46
No Contact,50,48,44,53
No Contact,83,72,84,88
No Contact,50,54,56,46
No Contact,96,79,99,98
No Contact,50,50,48,49
No Contact,50,45,NA,NA
No Contact,50,45,45,50
No Contact,16,13,12,27
No Contact,50,NA,49,50
No Contact,78,92,72,85
No Contact,94,100,79,92
No Contact,100,99,99,100
No Contact,100,98,NA,98
No Contact,50,44,54,50
No Contact,50,46,47,42
No Contact,50,47,48,42
No Contact,1,NA,3,0
No Contact,62,54,69,63
No Contact,71,58,63,68
No Contact,83,96,NA,97
No Contact,100,98,NA,100
No Contact,80,77,95,78
No Contact,41,44,34,49
No Contact,59,NA,51,55
No Contact,94,100,100,90
No Contact,4,11,0,3
No Contact,75,61,69,71
No Contact,3,0,8,0
No Contact,29,35,30,24
No Contact,70,66,81,NA
No Contact,50,53,45,51
No Contact,51,50,30,60
No Contact,56,51,61,NA
No Contact,98,94,NA,100
No Contact,50,49,49,52
No Contact,50,50,56,45
No Contact,70,64,87,74
No Contact,100,97,100,100
No Contact,94,92,84,93
No Contact,56,60,68,57
No Contact,59,63,70,42
No Contact,99,95,100,100
No Contact,66,71,72,67
No Contact,97,100,100,100
No Contact,100,NA,99,100
No Contact,50,48,58,47
No Contact,22,19,19,14
No Contact,59,60,41,60
No Contact,91,93,91,96
No Contact,50,NA,50,59
No Contact,50,51,53,48
No Contact,31,28,33,27
No Contact,77,74,86,80
No Contact,100,100,100,NA
No Contact,60,57,62,54
No Contact,50,45,48,52
No Contact,19,12,15,19
No Contact,97,93,99,92
No Contact,73,75,57,69
No Contact,100,100,100,97
No Contact,52,51,43,NA
No Contact,52,53,53,37
No Contact,51,48,57,38
No Contact,46,43,56,59
No Contact,50,49,49,51
No Contact,50,NA,53,NA
No Contact,50,53,52,48
No Contact,59,55,65,43
No Contact,50,50,50,63
No Contact,52,49,60,41
No Contact,46,34,46,51
No Contact,86,94,69,100
No Contact,50,48,55,51
No Contact,30,31,27,27
No Contact,22,12,25,12
No Contact,55,62,68,58
No Contact,16,26,25,14
No Contact,43,40,37,36
No Contact,95,82,100,94
No Contact,8,NA,11,12
No Contact,5,0,5,0
No Contact,81,NA,58,73
No Contact,53,45,56,NA
No Contact,83,86,75,93
No Contact,50,50,52,43
No Contact,100,NA,100,88
No Contact,100,100,NA,87
No Contact,36,28,61,41
No Contact,41,55,62,41
No Contact,9,15,0,0
No Contact,69,76,70,71
No Contact,82,NA,NA,NA
No Contact,51,NA,NA,55
No Contact,50,47,49,51
No Contact,38,31,40,26
No Contact,93,100,89,92
No Contact,52,38,54,NA
No Contact,57,66,51,67
No Contact,50,52,58,48
No Contact,50,48,40,39
No Contact,50,52,48,48
No Contact,99,88,91,100
No Contact,85,96,89,79
No Contact,50,53,NA,60
No Contact,21,18,16,18
No Contact,60,50,53,48
No Contact,61,NA,67,58
No Contact,100,NA,100,95
No Contact,98,100,100,97
No Contact,36,NA,30,38
No Contact,31,NA,16,37
No Contact,70,76,82,NA
No Contact,72,77,71,62
No Contact,20,39,18,21
No Contact,61,68,67,57
No Contact,80,86,83,70
No Contact,14,37,5,4
No Contact,100,NA,90,98
No Contact,20,7,31,19
No Contact,50,53,56,42
No Contact,93,NA,97,NA
No Contact,0,0,0,7
No Contact,71,67,88,82
No Contact,83,80,79,71
No Contact,50,48,53,41
No Contact,100,98,100,100
No Contact,69,78,80,70
No Contact,31,24,27,36
No Contact,24,37,NA,9
No Contact,91,94,86,91
No Contact,70,68,71,NA
No Contact,50,50,53,46
No Contact,51,41,57,46
No Contact,85,86,72,71
No Contact,21,23,25,29
No Contact,82,90,88,99
No Contact,32,32,38,49
No Contact,100,100,97,89
No Contact,98,NA,100,89
No Contact,50,50,61,52
No Contact,6,18,NA,19
No Contact,3,2,5,0
No Contact,99,100,100,100
No Contact,76,84,NA,77
No Contact,28,46,10,NA
No Contact,50,54,48,NA
No Contact,52,49,53,51
No Contact,76,77,77,65
No Contact,50,48,54,53
No Contact,59,46,63,63
No Contact,50,54,45,40
No Contact,98,100,NA,92
No Contact,100,97,100,98
No Contact,66,60,77,64
No Contact,95,92,86,NA
No Contact,50,50,48,62
No Contact,51,58,42,52
No Contact,50,40,52,NA
No Contact,59,54,62,52
No Contact,70,74,83,67
No Contact,97,NA,100,100
No Contact,52,52,67,NA
No Contact,100,98,98,100
No Contact,3,5,17,0
No Contact,55,45,52,57
No Contact,100,NA,93,93
No Contact,52,53,42,56
No Contact,40,38,58,29
No Contact,41,41,46,46
No Contact,41,40,44,NA
No Contact,75,81,67,68
No Contact,71,70,66,NA
No Contact,52,37,55,56
No Contact,90,100,99,87
No Contact,51,43,49,40
No Contact,72,NA,56,71
No Contact,19,13,28,17
No Contact,86,NA,90,NA
No Contact,2,0,0,22
No Contact,19,13,29,22
No Contact,35,24,37,39
No Contact,100,100,100,93
No Contact,51,61,40,60
No Contact,64,67,52,76
No Contact,50,49,NA,63
No Contact,35,31,NA,27
No Contact,50,49,52,57
No Contact,88,92,88,94
No Contact,50,NA,55,46
No Contact,24,24,26,37
No Contact,100,100,NA,100
No Contact,50,53,40,42
No Contact,75,66,70,79
No Contact,83,NA,65,90
No Contact,3,0,7,0
No Contact,100,100,100,95
No Contact,42,NA,37,NA
No Contact,98,100,100,99
No Contact,62,NA,56,NA
No Contact,100,97,94,100
No Contact,100,95,NA,100
No Contact,41,45,35,45
No Contact,61,NA,64,58
No Contact,91,90,100,100
No Contact,48,57,67,47
No Contact,63,64,63,55
No Contact,50,50,55,32
No Contact,90,96,82,100
No Contact,50,50,59,58
No Contact,90,81,80,100
No Contact,12,11,3,6
No Contact,51,37,53,45
No Contact,100,98,100,89
No Contact,6,7,25,2
No Contact,16,17,18,3
No Contact,11,24,6,NA
No Contact,68,59,72,68
No Contact,51,39,NA,NA
No Contact,50,58,43,57
No Contact,56,53,44,53
No Contact,90,96,98,82
No Contact,60,NA,62,60
No Contact,50,53,50,54
No Contact,100,98,100,100
No Contact,50,47,55,51
No Contact,100,100,100,100
No Contact,71,72,52,69
No Contact,98,91,100,93
No Contact,34,31,42,49
No Contact,4,7,9,NA
No Contact,81,84,67,73
No Contact,40,35,42,34
No Contact,33,33,32,23
No Contact,50,45,62,58
No Contact,60,58,NA,48
No Contact,100,100,95,94
No Contact,52,49,59,NA
No Contact,3,3,17,0
No Contact,50,45,36,49
No Contact,100,100,95,98
No Contact,61,64,NA,67
No Contact,32,NA,36,35
No Contact,100,NA,99,100
No Contact,100,NA,NA,100
No Contact,91,NA,100,81
No Contact,47,35,NA,NA
No Contact,22,28,27,19
No Contact,98,94,93,100
No Contact,100,100,100,100
No Contact,72,80,69,83
No Contact,32,NA,35,38
No Contact,51,46,49,43
No Contact,50,50,48,47
No Contact,47,NA,52,38
No Contact,53,NA,59,55
No Contact,50,49,49,49
No Contact,50,48,NA,NA
No Contact,4,NA,NA,8
No Contact,21,11,13,7
No Contact,100,100,100,100
No Contact,41,43,46,33
No Contact,100,NA,98,89
No Contact,70,62,79,65
No Contact,50,49,47,45
No Contact,85,NA,92,95
No Contact,79,NA,63,71
No Contact,47,49,27,48
No Contact,43,25,52,57
No Contact,47,NA,50,40
No Contact,50,47,52,51
No Contact,30,33,38,38
No Contact,50,48,52,53
No Contact,99,100,NA,100
No Contact,100,97,NA,89
No Contact,50,53,NA,50
No Contact,100,100,100,100
No Contact,16,26,23,NA
No Contact,68,69,45,56
No Contact,100,96,98,NA
No Contact,50,50,45,NA
No Contact,72,74,75,67
No Contact,74,85,90,67
No Contact,50,47,56,47
No Contact,50,49,50,48
No Contact,94,95,100,95
No Contact,50,NA,51,48
No Contact,1,0,5,0
No Contact,94,100,77,100
No Contact,100,NA,95,100
No Contact,87,82,85,100
No Contact,50,51,50,52
No Contact,74,75,90,NA
No Contact,70,86,71,69
No Contact,31,29,41,41
No Contact,50,51,58,50
No Contact,48,42,53,55
No Contact,50,49,50,64
No Contact,1,0,NA,0
No Contact,76,68,95,83
No Contact,52,57,44,55
No Contact,40,30,30,32
No Contact,31,29,23,35
No Contact,100,100,NA,100
No Contact,15,21,7,11
No Contact,100,97,100,96
No Contact,51,57,71,NA
No Contact,75,59,80,88
No Contact,98,100,93,100
No Contact,56,47,61,NA
No Contact,100,96,99,98
No Contact,63,58,57,63
No Contact,75,86,49,NA
No Contact,100,97,100,100
No Contact,37,35,42,33
No Contact,50,51,49,53
No Contact,48,50,33,47
No Contact,95,91,80,88
No Contact,2,13,5,1
No Contact,50,48,51,46
No Contact,50,50,56,59
No Contact,59,72,72,65
No Contact,50,48,50,50
No Contact,52,NA,38,59
No Contact,3,0,0,1
No Contact,48,54,44,58
No Contact,51,59,58,37
No Contact,56,40,NA,56
No Contact,72,73,68,67
No Contact,52,NA,60,NA
No Contact,100,100,96,97
No Contact,74,74,78,70
No Contact,51,43,45,37
No Contact,76,70,88,NA
No Contact,51,NA,NA,52
No Contact,7,10,14,3
No Contact,99,96,92,89
No Contact,98,93,99,NA
No Contact,69,51,55,59
No Contact,81,80,91,67
No Contact,50,51,53,46
No Contact,62,55,67,69
No Contact,87,77,86,96
No Contact,96,96,NA,NA
No Contact,100,97,94,91
No Contact,51,54,59,58
No Contact,99,91,100,100
No Contact,4,1,0,2
No Contact,50,51,45,51
No Contact,100,100,100,100
No Contact,30,27,29,32
No Contact,51,47,43,47
No Contact,88,NA,100,89
No Contact,95,NA,100,98
No Contact,100,100,NA,97
No Contact,76,98,74,68
No Contact,18,25,14,21
No Contact,62,NA,60,51
No Contact,50,NA,42,NA
No Contact,30,NA,27,31
No Contact,100,95,100,100
No Contact,50,52,56,48
No Contact,78,79,90,NA
No Contact,59,63,69,55
No Contact,6,0,7,10
No Contact,50,46,46,48
No Contact,50,NA,NA,56
No Contact,51,54,57,66
No Contact,80,86,76,82
No Contact,60,50,69,75
No Contact,66,NA,72,63
No Contact,100,NA,97,100
No Contact,100,100,NA,100
No Contact,97,94,96,100
No Contact,85,86,89,77
No Contact,1,1,0,2
No Contact,50,48,46,55
No Contact,50,NA,54,56
No Contact,24,22,6,10
No Contact,87,77,58,97
No Contact,50,52,45,44
No Contact,78,NA,87,85
No Contact,66,82,73,72
No Contact,27,NA,19,NA
No Contact,63,NA,NA,NA
No Contact,50,50,NA,58
No Contact,1,0,6,NA
No Contact,65,NA,59,59
No Contact,51,42,48,NA
No Contact,67,76,NA,68
No Contact,100,99,95,100
No Contact,4,8,0,6
No Contact,50,NA,NA,48
No Contact,60,68,58,57
No Contact,100,98,97,NA
No Contact,50,50,48,50
No Contact,62,67,59,46
No Contact,61,63,59,51
No Contact,3,6,0,0
No Contact,94,95,98,100
No Contact,50,NA,52,50
No Contact,50,NA,56,49
No Contact,50,55,50,51
No Contact,2,8,0,14
No Contact,99,100,100,100
No Contact,76,69,NA,71
No Contact,100,100,100,92
No Contact,94,100,NA,82
No Contact,50,51,45,61
No Contact,41,41,52,32
No Contact,50,NA,49,49
No Contact,100,99,96,96
No Contact,50,55,47,48
No Contact,52,73,56,50
No Contact,34,38,24,31
No Contact,3,1,0,18
No Contact,51,41,49,53
No Contact,80,72,75,NA
No Contact,97,100,NA,100
No Contact,30,43,36,20
No Contact,50,NA,52,48
No Contact,75,65,81,75
No Contact,50,NA,40,43
No Contact,20,NA,NA,32
No Contact,100,100,96,91
No Contact,50,47,53,52
No Contact,81,81,67,86
No Contact,53,57,67,60
Same-Sex Marriage Script by Gay Canvasser,52,58,53,59
Same-Sex Marriage Script by Gay Canvasser,43,NA,31,48
Same-Sex Marriage Script by Gay Canvasser,100,94,100,NA
Same-Sex Marriage Script by Gay Canvasser,92,97,87,93
Same-Sex Marriage Script by Gay Canvasser,50,46,NA,47
Same-Sex Marriage Script by Gay Canvasser,99,100,92,100
Same-Sex Marriage Script by Gay Canvasser,50,45,53,51
Same-Sex Marriage Script by Gay Canvasser,50,64,55,64
Same-Sex Marriage Script by Gay Canvasser,50,63,NA,49
Same-Sex Marriage Script by Gay Canvasser,100,100,96,97
Same-Sex Marriage Script by Gay Canvasser,97,89,96,99
Same-Sex Marriage Script by Gay Canvasser,96,98,98,91
Same-Sex Marriage Script by Gay Canvasser,100,100,NA,NA
Same-Sex Marriage Script by Gay Canvasser,12,16,25,NA
Same-Sex Marriage Script by Gay Canvasser,100,100,NA,96
Same-Sex Marriage Script by Gay Canvasser,100,100,100,100
Same-Sex Marriage Script by Gay Canvasser,87,NA,NA,100
Same-Sex Marriage Script by Gay Canvasser,1,2,9,6
Same-Sex Marriage Script by Gay Canvasser,100,98,NA,100
Same-Sex Marriage Script by Gay Canvasser,100,NA,NA,98
Same-Sex Marriage Script by Gay Canvasser,90,92,NA,86
Same-Sex Marriage Script by Gay Canvasser,63,44,59,60
Same-Sex Marriage Script by Gay Canvasser,51,53,49,52
Same-Sex Marriage Script by Gay Canvasser,71,70,NA,68
Same-Sex Marriage Script by Gay Canvasser,51,89,NA,95
Same-Sex Marriage Script by Gay Canvasser,75,97,100,100
Same-Sex Marriage Script by Gay Canvasser,91,NA,100,99
Same-Sex Marriage Script by Gay Canvasser,6,22,15,NA
Same-Sex Marriage Script by Gay Canvasser,95,100,98,96
Same-Sex Marriage Script by Gay Canvasser,91,NA,75,94
Same-Sex Marriage Script by Gay Canvasser,96,93,84,99
Same-Sex Marriage Script by Gay Canvasser,100,100,94,NA
Same-Sex Marriage Script by Gay Canvasser,50,51,52,55
Same-Sex Marriage Script by Gay Canvasser,50,48,50,52
Same-Sex Marriage Script by Gay Canvasser,55,70,66,70
Same-Sex Marriage Script by Gay Canvasser,50,46,NA,46
Same-Sex Marriage Script by Gay Canvasser,7,0,7,0
Same-Sex Marriage Script by Gay Canvasser,89,81,78,87
Same-Sex Marriage Script by Gay Canvasser,50,62,49,70
Same-Sex Marriage Script by Gay Canvasser,41,37,NA,48
Same-Sex Marriage Script by Gay Canvasser,19,17,21,35
Same-Sex Marriage Script by Gay Canvasser,43,64,61,73
Same-Sex Marriage Script by Gay Canvasser,49,47,NA,59
Same-Sex Marriage Script by Gay Canvasser,100,NA,92,96
Same-Sex Marriage Script by Gay Canvasser,15,5,2,NA
Same-Sex Marriage Script by Gay Canvasser,99,100,84,81
Same-Sex Marriage Script by Gay Canvasser,5,NA,1,17
Same-Sex Marriage Script by Gay Canvasser,50,47,53,54
Same-Sex Marriage Script by Gay Canvasser,51,36,77,59
Same-Sex Marriage Script by Gay Canvasser,55,51,62,54
Same-Sex Marriage Script by Gay Canvasser,3,10,2,7
Same-Sex Marriage Script by Gay Canvasser,50,47,56,62
Same-Sex Marriage Script by Gay Canvasser,50,66,78,82
Same-Sex Marriage Script by Gay Canvasser,90,88,74,NA
Same-Sex Marriage Script by Gay Canvasser,100,100,88,95
Same-Sex Marriage Script by Gay Canvasser,81,95,NA,92
Same-Sex Marriage Script by Gay Canvasser,51,52,NA,64
Same-Sex Marriage Script by Gay Canvasser,55,68,61,61
Same-Sex Marriage Script by Gay Canvasser,53,61,NA,44
Same-Sex Marriage Script by Gay Canvasser,58,58,68,62
Same-Sex Marriage Script by Gay Canvasser,3,13,13,14
Same-Sex Marriage Script by Gay Canvasser,50,66,72,70
Same-Sex Marriage Script by Gay Canvasser,91,75,83,95
Same-Sex Marriage Script by Gay Canvasser,52,59,46,62
Same-Sex Marriage Script by Gay Canvasser,63,67,74,60
Same-Sex Marriage Script by Gay Canvasser,9,21,10,0
Same-Sex Marriage Script by Gay Canvasser,90,NA,73,92
Same-Sex Marriage Script by Gay Canvasser,54,NA,56,41
Same-Sex Marriage Script by Gay Canvasser,30,29,35,36
Same-Sex Marriage Script by Gay Canvasser,50,50,57,42
Same-Sex Marriage Script by Gay Canvasser,41,41,35,40
Same-Sex Marriage Script by Gay Canvasser,50,46,41,NA
Same-Sex Marriage Script by Gay Canvasser,96,97,100,NA
Same-Sex Marriage Script by Gay Canvasser,75,75,63,60
Same-Sex Marriage Script by Gay Canvasser,22,37,36,44
Same-Sex Marriage Script by Gay Canvasser,96,100,98,NA
Same-Sex Marriage Script by Gay Canvasser,74,79,NA,71
Same-Sex Marriage Script by Gay Canvasser,36,35,60,32
Same-Sex Marriage Script by Gay Canvasser,10,4,8,7
Same-Sex Marriage Script by Gay Canvasser,100,100,100,97
Same-Sex Marriage Script by Gay Canvasser,50,48,49,NA
Same-Sex Marriage Script by Gay Canvasser,52,55,36,52
Same-Sex Marriage Script by Gay Canvasser,52,45,50,41
Same-Sex Marriage Script by Gay Canvasser,66,94,NA,78
Same-Sex Marriage Script by Gay Canvasser,1,6,4,12
Same-Sex Marriage Script by Gay Canvasser,91,94,79,95
Same-Sex Marriage Script by Gay Canvasser,50,52,44,50
Same-Sex Marriage Script by Gay Canvasser,4,0,4,2
Same-Sex Marriage Script by Gay Canvasser,50,54,51,61
Same-Sex Marriage Script by Gay Canvasser,16,13,13,13
Same-Sex Marriage Script by Gay Canvasser,50,NA,NA,50
Same-Sex Marriage Script by Gay Canvasser,50,54,47,52
Same-Sex Marriage Script by Gay Canvasser,90,NA,89,92
Same-Sex Marriage Script by Gay Canvasser,41,44,NA,48
Same-Sex Marriage Script by Gay Canvasser,6,0,16,NA
Same-Sex Marriage Script by Gay Canvasser,53,64,43,66
Same-Sex Marriage Script by Gay Canvasser,93,92,NA,89
Same-Sex Marriage Script by Gay Canvasser,100,99,100,100
Same-Sex Marriage Script by Gay Canvasser,12,24,28,3
Same-Sex Marriage Script by Gay Canvasser,61,NA,95,96
Same-Sex Marriage Script by Gay Canvasser,50,54,46,NA
Same-Sex Marriage Script by Gay Canvasser,41,48,54,NA
Same-Sex Marriage Script by Gay Canvasser,79,88,94,73
Same-Sex Marriage Script by Gay Canvasser,75,79,65,79
Same-Sex Marriage Script by Gay Canvasser,50,38,47,49
Same-Sex Marriage Script by Gay Canvasser,19,26,17,31
Same-Sex Marriage Script by Gay Canvasser,50,64,58,NA
Same-Sex Marriage Script by Gay Canvasser,18,19,NA,34
Same-Sex Marriage Script by Gay Canvasser,52,72,65,NA
Same-Sex Marriage Script by Gay Canvasser,43,57,43,29
Same-Sex Marriage Script by Gay Canvasser,49,37,NA,42
Same-Sex Marriage Script by Gay Canvasser,51,49,50,53
Same-Sex Marriage Script by Gay Canvasser,91,100,100,85
Same-Sex Marriage Script by Gay Canvasser,50,45,53,54
Same-Sex Marriage Script by Gay Canvasser,2,2,0,1
Same-Sex Marriage Script by Gay Canvasser,51,46,55,48
Same-Sex Marriage Script by Gay Canvasser,85,NA,90,97
Same-Sex Marriage Script by Gay Canvasser,42,NA,46,41
Same-Sex Marriage Script by Gay Canvasser,9,NA,34,0
Same-Sex Marriage Script by Gay Canvasser,94,93,88,90
Same-Sex Marriage Script by Gay Canvasser,98,NA,91,82
Same-Sex Marriage Script by Gay Canvasser,60,64,NA,62
Same-Sex Marriage Script by Gay Canvasser,55,58,76,54
Same-Sex Marriage Script by Gay Canvasser,50,51,51,NA
Same-Sex Marriage Script by Gay Canvasser,3,5,NA,2
Same-Sex Marriage Script by Gay Canvasser,50,80,76,78
Same-Sex Marriage Script by Gay Canvasser,84,88,100,88
Same-Sex Marriage Script by Gay Canvasser,70,57,75,87
Same-Sex Marriage Script by Gay Canvasser,6,0,2,11
Same-Sex Marriage Script by Gay Canvasser,10,27,32,41
Same-Sex Marriage Script by Gay Canvasser,96,100,92,95
Same-Sex Marriage Script by Gay Canvasser,50,NA,52,50
Same-Sex Marriage Script by Gay Canvasser,99,85,100,NA
Same-Sex Marriage Script by Gay Canvasser,54,56,40,59
Same-Sex Marriage Script by Gay Canvasser,91,100,76,94
Same-Sex Marriage Script by Gay Canvasser,13,14,17,10
Same-Sex Marriage Script by Gay Canvasser,51,47,NA,43
Same-Sex Marriage Script by Gay Canvasser,100,100,100,NA
Same-Sex Marriage Script by Gay Canvasser,29,NA,8,35
Same-Sex Marriage Script by Gay Canvasser,11,17,1,9
Same-Sex Marriage Script by Gay Canvasser,99,NA,NA,98
Same-Sex Marriage Script by Gay Canvasser,81,66,85,NA
Same-Sex Marriage Script by Gay Canvasser,71,74,85,56
Same-Sex Marriage Script by Gay Canvasser,74,NA,75,67
Same-Sex Marriage Script by Gay Canvasser,50,85,76,77
Same-Sex Marriage Script by Gay Canvasser,70,66,76,NA
Same-Sex Marriage Script by Gay Canvasser,50,49,52,49
Same-Sex Marriage Script by Gay Canvasser,57,NA,48,NA
Same-Sex Marriage Script by Gay Canvasser,76,79,73,68
Same-Sex Marriage Script by Gay Canvasser,50,53,40,51
Same-Sex Marriage Script by Gay Canvasser,70,67,NA,58
Same-Sex Marriage Script by Gay Canvasser,84,86,79,73
Same-Sex Marriage Script by Gay Canvasser,50,49,NA,NA
Same-Sex Marriage Script by Gay Canvasser,51,45,NA,45
Same-Sex Marriage Script by Gay Canvasser,90,90,NA,98
Same-Sex Marriage Script by Gay Canvasser,75,73,91,61
Same-Sex Marriage Script by Gay Canvasser,77,94,99,78
Same-Sex Marriage Script by Gay Canvasser,52,82,90,NA
Same-Sex Marriage Script by Gay Canvasser,50,55,45,48
Same-Sex Marriage Script by Gay Canvasser,86,96,86,91
Same-Sex Marriage Script by Gay Canvasser,50,NA,43,52
Same-Sex Marriage Script by Gay Canvasser,1,9,0,2
Same-Sex Marriage Script by Gay Canvasser,77,75,74,NA
Same-Sex Marriage Script by Gay Canvasser,22,25,24,32
Same-Sex Marriage Script by Gay Canvasser,79,76,77,70
Same-Sex Marriage Script by Gay Canvasser,50,54,55,53
Same-Sex Marriage Script by Gay Canvasser,66,53,73,69
Same-Sex Marriage Script by Gay Canvasser,53,48,59,51
Same-Sex Marriage Script by Gay Canvasser,50,48,43,56
Same-Sex Marriage Script by Gay Canvasser,65,69,69,55
Same-Sex Marriage Script by Gay Canvasser,100,100,95,95
Same-Sex Marriage Script by Gay Canvasser,51,51,58,52
Same-Sex Marriage Script by Gay Canvasser,91,89,NA,91
Same-Sex Marriage Script by Gay Canvasser,2,9,NA,4
Same-Sex Marriage Script by Gay Canvasser,50,53,47,46
Same-Sex Marriage Script by Gay Canvasser,6,0,NA,0
Same-Sex Marriage Script by Gay Canvasser,50,56,45,47
Same-Sex Marriage Script by Gay Canvasser,50,66,49,73
Same-Sex Marriage Script by Gay Canvasser,31,32,53,56
Same-Sex Marriage Script by Gay Canvasser,3,18,17,31
Same-Sex Marriage Script by Gay Canvasser,38,41,70,35
Same-Sex Marriage Script by Gay Canvasser,56,50,62,45
Same-Sex Marriage Script by Gay Canvasser,100,100,100,100
Same-Sex Marriage Script by Gay Canvasser,50,59,56,58
Same-Sex Marriage Script by Gay Canvasser,52,58,NA,69
Same-Sex Marriage Script by Gay Canvasser,50,53,58,49
Same-Sex Marriage Script by Gay Canvasser,41,NA,41,46
Same-Sex Marriage Script by Gay Canvasser,91,99,94,94
Same-Sex Marriage Script by Gay Canvasser,90,67,100,81
Same-Sex Marriage Script by Gay Canvasser,100,100,100,100
Same-Sex Marriage Script by Gay Canvasser,21,21,33,28
Same-Sex Marriage Script by Gay Canvasser,94,79,100,95
Same-Sex Marriage Script by Gay Canvasser,78,84,71,NA
Same-Sex Marriage Script by Gay Canvasser,59,73,64,NA
Same-Sex Marriage Script by Gay Canvasser,73,70,NA,71
Same-Sex Marriage Script by Gay Canvasser,95,95,100,76
Same-Sex Marriage Script by Gay Canvasser,50,64,NA,55
Same-Sex Marriage Script by Gay Canvasser,54,75,NA,82
Same-Sex Marriage Script by Gay Canvasser,73,80,73,72
Same-Sex Marriage Script by Gay Canvasser,97,100,100,100
Same-Sex Marriage Script by Gay Canvasser,79,80,NA,71
Same-Sex Marriage Script by Gay Canvasser,60,NA,51,67
Same-Sex Marriage Script by Gay Canvasser,50,52,58,72
Same-Sex Marriage Script by Gay Canvasser,33,36,42,28
Same-Sex Marriage Script by Gay Canvasser,50,50,52,46
Same-Sex Marriage Script by Gay Canvasser,4,0,0,0
Same-Sex Marriage Script by Gay Canvasser,20,35,36,28
Same-Sex Marriage Script by Gay Canvasser,1,11,2,0
Same-Sex Marriage Script by Gay Canvasser,5,0,23,8
Same-Sex Marriage Script by Gay Canvasser,81,96,91,89
Same-Sex Marriage Script by Gay Canvasser,83,89,87,83
Same-Sex Marriage Script by Gay Canvasser,2,0,1,0
Same-Sex Marriage Script by Gay Canvasser,46,45,44,48
Same-Sex Marriage Script by Gay Canvasser,50,27,40,54
Same-Sex Marriage Script by Gay Canvasser,62,NA,75,80
Same-Sex Marriage Script by Gay Canvasser,81,83,83,NA
Same-Sex Marriage Script by Gay Canvasser,50,50,46,49
Same-Sex Marriage Script by Gay Canvasser,51,75,67,62
Same-Sex Marriage Script by Gay Canvasser,16,17,12,24
Same-Sex Marriage Script by Gay Canvasser,50,63,61,62
Same-Sex Marriage Script by Gay Canvasser,92,98,91,84
Same-Sex Marriage Script by Gay Canvasser,50,NA,48,55
Same-Sex Marriage Script by Gay Canvasser,50,48,NA,50
Same-Sex Marriage Script by Gay Canvasser,100,100,100,100
Same-Sex Marriage Script by Gay Canvasser,74,100,NA,96
Same-Sex Marriage Script by Gay Canvasser,50,NA,93,NA
Same-Sex Marriage Script by Gay Canvasser,64,68,68,69
Same-Sex Marriage Script by Gay Canvasser,50,65,47,56
Same-Sex Marriage Script by Gay Canvasser,50,79,72,80
Same-Sex Marriage Script by Gay Canvasser,70,71,70,NA
Same-Sex Marriage Script by Gay Canvasser,50,45,60,NA
Same-Sex Marriage Script by Gay Canvasser,6,28,NA,34
Same-Sex Marriage Script by Gay Canvasser,99,100,100,94
Same-Sex Marriage Script by Gay Canvasser,69,71,61,60
Same-Sex Marriage Script by Gay Canvasser,54,55,66,49
Same-Sex Marriage Script by Gay Canvasser,78,NA,91,77
Same-Sex Marriage Script by Gay Canvasser,98,100,91,94
Same-Sex Marriage Script by Gay Canvasser,20,29,17,30
Same-Sex Marriage Script by Gay Canvasser,100,NA,100,100
Same-Sex Marriage Script by Gay Canvasser,45,54,48,NA
Same-Sex Marriage Script by Gay Canvasser,50,49,60,48
Same-Sex Marriage Script by Gay Canvasser,52,54,48,55
Same-Sex Marriage Script by Gay Canvasser,49,NA,47,51
Same-Sex Marriage Script by Gay Canvasser,50,63,NA,NA
Same-Sex Marriage Script by Gay Canvasser,79,84,85,74
Same-Sex Marriage Script by Gay Canvasser,99,100,100,100
Same-Sex Marriage Script by Gay Canvasser,90,98,89,90
Same-Sex Marriage Script by Gay Canvasser,53,56,44,59
Same-Sex Marriage Script by Gay Canvasser,100,100,99,92
Same-Sex Marriage Script by Gay Canvasser,2,0,24,6
Same-Sex Marriage Script by Gay Canvasser,50,52,50,45
Same-Sex Marriage Script by Gay Canvasser,67,72,83,80
Same-Sex Marriage Script by Gay Canvasser,74,69,NA,77
Same-Sex Marriage Script by Gay Canvasser,90,79,90,NA
Same-Sex Marriage Script by Gay Canvasser,100,100,NA,98
Same-Sex Marriage Script by Gay Canvasser,75,63,87,72
Same-Sex Marriage Script by Gay Canvasser,76,95,96,82
Same-Sex Marriage Script by Gay Canvasser,50,63,46,54
Same-Sex Marriage Script by Gay Canvasser,100,100,97,100
Same-Sex Marriage Script by Gay Canvasser,82,79,75,NA
Same-Sex Marriage Script by Gay Canvasser,59,61,NA,67
Same-Sex Marriage Script by Gay Canvasser,78,70,NA,80
Same-Sex Marriage Script by Gay Canvasser,50,49,54,45
Same-Sex Marriage Script by Gay Canvasser,79,75,NA,72
Same-Sex Marriage Script by Gay Canvasser,80,69,92,93
Same-Sex Marriage Script by Gay Canvasser,50,49,53,46
Same-Sex Marriage Script by Gay Canvasser,72,79,86,NA
Same-Sex Marriage Script by Gay Canvasser,80,93,88,95
Same-Sex Marriage Script by Gay Canvasser,50,51,59,52
Same-Sex Marriage Script by Gay Canvasser,50,54,51,67
Same-Sex Marriage Script by Gay Canvasser,31,NA,NA,26
Same-Sex Marriage Script by Gay Canvasser,77,70,NA,NA
Same-Sex Marriage Script by Gay Canvasser,61,50,38,69
Same-Sex Marriage Script by Gay Canvasser,63,62,63,67
Same-Sex Marriage Script by Gay Canvasser,46,40,NA,56
Same-Sex Marriage Script by Gay Canvasser,96,100,86,90
Same-Sex Marriage Script by Gay Canvasser,52,57,44,NA
Same-Sex Marriage Script by Gay Canvasser,66,69,57,66
Same-Sex Marriage Script by Gay Canvasser,52,52,57,53
Same-Sex Marriage Script by Gay Canvasser,36,24,29,53
Same-Sex Marriage Script by Gay Canvasser,20,21,17,16
Same-Sex Marriage Script by Gay Canvasser,50,NA,50,NA
Same-Sex Marriage Script by Gay Canvasser,2,8,19,24
Same-Sex Marriage Script by Gay Canvasser,50,NA,53,52
Same-Sex Marriage Script by Gay Canvasser,100,100,93,100
Same-Sex Marriage Script by Gay Canvasser,29,47,NA,30
Same-Sex Marriage Script by Gay Canvasser,52,53,50,58
Same-Sex Marriage Script by Gay Canvasser,60,78,56,61
Same-Sex Marriage Script by Gay Canvasser,50,47,43,37
Same-Sex Marriage Script by Gay Canvasser,19,12,5,29
Same-Sex Marriage Script by Gay Canvasser,51,NA,NA,58
Same-Sex Marriage Script by Gay Canvasser,72,78,73,73
Same-Sex Marriage Script by Gay Canvasser,42,32,54,44
Same-Sex Marriage Script by Gay Canvasser,66,50,56,68
Same-Sex Marriage Script by Gay Canvasser,5,23,NA,0
Same-Sex Marriage Script by Gay Canvasser,81,NA,94,66
Same-Sex Marriage Script by Gay Canvasser,50,48,NA,61
Same-Sex Marriage Script by Gay Canvasser,99,100,NA,NA
Same-Sex Marriage Script by Gay Canvasser,7,0,16,0
Same-Sex Marriage Script by Gay Canvasser,78,100,100,100
Same-Sex Marriage Script by Gay Canvasser,50,62,54,57
Same-Sex Marriage Script by Gay Canvasser,50,52,51,56
Same-Sex Marriage Script by Gay Canvasser,91,92,94,93
Same-Sex Marriage Script by Gay Canvasser,100,99,NA,100
Same-Sex Marriage Script by Gay Canvasser,11,0,29,NA
Same-Sex Marriage Script by Gay Canvasser,81,NA,86,91
Same-Sex Marriage Script by Gay Canvasser,50,52,53,46
Same-Sex Marriage Script by Gay Canvasser,1,1,0,3
Same-Sex Marriage Script by Gay Canvasser,89,100,90,96
Same-Sex Marriage Script by Gay Canvasser,100,100,95,86
Same-Sex Marriage Script by Gay Canvasser,33,35,6,33
Same-Sex Marriage Script by Gay Canvasser,81,86,83,74
Same-Sex Marriage Script by Gay Canvasser,52,52,38,65
Same-Sex Marriage Script by Gay Canvasser,3,0,NA,18
Same-Sex Marriage Script by Gay Canvasser,50,50,48,58
Same-Sex Marriage Script by Gay Canvasser,99,87,100,94
Same-Sex Marriage Script by Gay Canvasser,80,81,63,83
Same-Sex Marriage Script by Gay Canvasser,62,67,68,68
Same-Sex Marriage Script by Gay Canvasser,86,100,100,NA
Same-Sex Marriage Script by Gay Canvasser,46,26,52,47
Same-Sex Marriage Script by Gay Canvasser,50,62,61,50
Same-Sex Marriage Script by Gay Canvasser,52,57,56,51
Same-Sex Marriage Script by Gay Canvasser,50,84,NA,NA
Same-Sex Marriage Script by Gay Canvasser,72,66,59,75
Same-Sex Marriage Script by Gay Canvasser,50,62,64,38
Same-Sex Marriage Script by Gay Canvasser,50,79,84,93
Same-Sex Marriage Script by Gay Canvasser,63,68,56,61
Same-Sex Marriage Script by Gay Canvasser,100,NA,100,98
Same-Sex Marriage Script by Gay Canvasser,70,61,68,81
Same-Sex Marriage Script by Gay Canvasser,75,80,65,64
Same-Sex Marriage Script by Gay Canvasser,52,49,71,63
Same-Sex Marriage Script by Gay Canvasser,42,NA,46,45
Same-Sex Marriage Script by Gay Canvasser,68,62,NA,NA
Same-Sex Marriage Script by Gay Canvasser,50,NA,51,48
Same-Sex Marriage Script by Gay Canvasser,76,88,73,77
Same-Sex Marriage Script by Gay Canvasser,88,100,100,NA
Same-Sex Marriage Script by Gay Canvasser,100,99,100,91
Same-Sex Marriage Script by Gay Canvasser,50,55,NA,49
Same-Sex Marriage Script by Gay Canvasser,5,5,0,9
Same-Sex Marriage Script by Gay Canvasser,51,29,60,52
Same-Sex Marriage Script by Gay Canvasser,50,49,45,54
Same-Sex Marriage Script by Gay Canvasser,88,75,84,83
Same-Sex Marriage Script by Gay Canvasser,71,69,89,83
Same-Sex Marriage Script by Gay Canvasser,70,71,NA,69
Same-Sex Marriage Script by Gay Canvasser,21,28,11,18
Same-Sex Marriage Script by Gay Canvasser,31,34,33,27
Same-Sex Marriage Script by Gay Canvasser,67,75,NA,84
Same-Sex Marriage Script by Gay Canvasser,50,49,54,44
Same-Sex Marriage Script by Gay Canvasser,42,35,55,43
Same-Sex Marriage Script by Gay Canvasser,4,37,39,NA
Same-Sex Marriage Script by Gay Canvasser,1,19,0,17
Same-Sex Marriage Script by Gay Canvasser,53,48,56,43
Same-Sex Marriage Script by Gay Canvasser,86,82,NA,89
Same-Sex Marriage Script by Gay Canvasser,50,NA,64,66
Same-Sex Marriage Script by Gay Canvasser,50,75,76,78
Same-Sex Marriage Script by Gay Canvasser,47,NA,48,49
Same-Sex Marriage Script by Gay Canvasser,97,89,100,100
Same-Sex Marriage Script by Gay Canvasser,65,83,89,80
Same-Sex Marriage Script by Gay Canvasser,2,19,7,20
Same-Sex Marriage Script by Gay Canvasser,41,NA,46,45
Same-Sex Marriage Script by Gay Canvasser,41,28,NA,42
Same-Sex Marriage Script by Gay Canvasser,67,100,100,100
Same-Sex Marriage Script by Gay Canvasser,81,89,89,81
Same-Sex Marriage Script by Gay Canvasser,49,50,52,NA
Same-Sex Marriage Script by Gay Canvasser,50,54,56,43
Same-Sex Marriage Script by Gay Canvasser,90,90,NA,89
Same-Sex Marriage Script by Gay Canvasser,90,NA,87,87
Same-Sex Marriage Script by Gay Canvasser,40,44,38,36
Same-Sex Marriage Script by Gay Canvasser,70,77,80,79
Same-Sex Marriage Script by Gay Canvasser,50,NA,NA,49
Same-Sex Marriage Script by Gay Canvasser,78,89,96,72
Same-Sex Marriage Script by Gay Canvasser,70,71,70,76
Same-Sex Marriage Script by Gay Canvasser,5,2,15,16
Same-Sex Marriage Script by Gay Canvasser,51,37,58,53
Same-Sex Marriage Script by Gay Canvasser,86,85,97,80
Same-Sex Marriage Script by Gay Canvasser,50,50,45,NA
Same-Sex Marriage Script by Gay Canvasser,85,82,97,NA
Same-Sex Marriage Script by Gay Canvasser,73,58,68,68
Same-Sex Marriage Script by Gay Canvasser,50,51,57,NA
Same-Sex Marriage Script by Gay Canvasser,6,0,5,NA
Same-Sex Marriage Script by Gay Canvasser,33,30,42,51
Same-Sex Marriage Script by Gay Canvasser,13,20,NA,19
Same-Sex Marriage Script by Gay Canvasser,53,71,44,54
Same-Sex Marriage Script by Gay Canvasser,50,56,48,45
Same-Sex Marriage Script by Gay Canvasser,50,NA,NA,47
Same-Sex Marriage Script by Gay Canvasser,74,67,69,67
Same-Sex Marriage Script by Gay Canvasser,1,0,12,0
Same-Sex Marriage Script by Gay Canvasser,60,73,76,73
Same-Sex Marriage Script by Gay Canvasser,47,38,47,56
Same-Sex Marriage Script by Gay Canvasser,1,9,9,4
Same-Sex Marriage Script by Gay Canvasser,58,52,60,61
Same-Sex Marriage Script by Gay Canvasser,50,NA,51,NA
Same-Sex Marriage Script by Gay Canvasser,88,96,100,100
Same-Sex Marriage Script by Gay Canvasser,86,97,92,91
Same-Sex Marriage Script by Gay Canvasser,7,6,3,NA
Same-Sex Marriage Script by Gay Canvasser,38,18,45,40
Same-Sex Marriage Script by Gay Canvasser,50,54,NA,47
Same-Sex Marriage Script by Gay Canvasser,54,57,61,67
Same-Sex Marriage Script by Gay Canvasser,53,59,50,50
Same-Sex Marriage Script by Gay Canvasser,70,73,79,80
Same-Sex Marriage Script by Gay Canvasser,52,NA,NA,40
Same-Sex Marriage Script by Gay Canvasser,51,55,64,50
Same-Sex Marriage Script by Gay Canvasser,37,NA,54,45
Same-Sex Marriage Script by Gay Canvasser,100,100,100,95
Same-Sex Marriage Script by Gay Canvasser,60,NA,59,56
Same-Sex Marriage Script by Gay Canvasser,6,0,2,NA
Same-Sex Marriage Script by Gay Canvasser,96,98,81,100
Same-Sex Marriage Script by Gay Canvasser,99,96,97,98
Same-Sex Marriage Script by Gay Canvasser,53,51,40,44
Same-Sex Marriage Script by Gay Canvasser,41,36,NA,44
Same-Sex Marriage Script by Gay Canvasser,80,94,NA,94
Same-Sex Marriage Script by Gay Canvasser,50,54,66,51
Same-Sex Marriage Script by Gay Canvasser,3,0,2,5
Same-Sex Marriage Script by Gay Canvasser,90,94,77,83
Same-Sex Marriage Script by Gay Canvasser,88,85,84,97
Same-Sex Marriage Script by Gay Canvasser,52,71,66,64
Same-Sex Marriage Script by Gay Canvasser,99,NA,100,100
Same-Sex Marriage Script by Gay Canvasser,20,40,37,12
Same-Sex Marriage Script by Gay Canvasser,71,76,84,81
Same-Sex Marriage Script by Gay Canvasser,80,89,80,72
Same-Sex Marriage Script by Gay Canvasser,50,54,44,60
Same-Sex Marriage Script by Gay Canvasser,52,54,70,61
Same-Sex Marriage Script by Gay Canvasser,100,99,99,97
Same-Sex Marriage Script by Gay Canvasser,86,89,76,88
Same-Sex Marriage Script by Gay Canvasser,89,97,100,86
Same-Sex Marriage Script by Gay Canvasser,81,85,84,70
Same-Sex Marriage Script by Gay Canvasser,94,97,75,93
Same-Sex Marriage Script by Gay Canvasser,53,46,49,50
Same-Sex Marriage Script by Gay Canvasser,100,98,100,100
Same-Sex Marriage Script by Gay Canvasser,100,95,100,90
Same-Sex Marriage Script by Gay Canvasser,60,53,68,70
Same-Sex Marriage Script by Gay Canvasser,7,1,10,9
Same-Sex Marriage Script by Gay Canvasser,99,100,100,100
Same-Sex Marriage Script by Gay Canvasser,100,100,100,91
Same-Sex Marriage Script by Gay Canvasser,90,92,90,91
Same-Sex Marriage Script by Gay Canvasser,17,12,NA,20
Same-Sex Marriage Script by Gay Canvasser,37,45,47,53
Same-Sex Marriage Script by Gay Canvasser,66,83,80,NA
Same-Sex Marriage Script by Gay Canvasser,50,NA,51,NA
Same-Sex Marriage Script by Gay Canvasser,51,50,51,NA
Same-Sex Marriage Script by Gay Canvasser,79,81,72,81
Same-Sex Marriage Script by Gay Canvasser,51,55,40,43
Same-Sex Marriage Script by Gay Canvasser,60,56,63,81
Same-Sex Marriage Script by Gay Canvasser,6,33,27,35
Same-Sex Marriage Script by Gay Canvasser,75,83,62,66
Same-Sex Marriage Script by Gay Canvasser,50,48,49,49
Same-Sex Marriage Script by Gay Canvasser,19,NA,28,23
Same-Sex Marriage Script by Gay Canvasser,58,64,46,44
Same-Sex Marriage Script by Gay Canvasser,50,49,56,55
Same-Sex Marriage Script by Gay Canvasser,1,0,0,NA
Same-Sex Marriage Script by Gay Canvasser,59,48,62,58
Same-Sex Marriage Script by Gay Canvasser,100,100,NA,100
Same-Sex Marriage Script by Gay Canvasser,23,NA,21,12
Same-Sex Marriage Script by Gay Canvasser,58,55,NA,62
Same-Sex Marriage Script by Gay Canvasser,99,100,100,95
Same-Sex Marriage Script by Gay Canvasser,50,51,44,57
Same-Sex Marriage Script by Gay Canvasser,62,77,53,59
Same-Sex Marriage Script by Gay Canvasser,35,33,42,30
Same-Sex Marriage Script by Gay Canvasser,91,100,97,83
Same-Sex Marriage Script by Gay Canvasser,50,48,54,NA
Same-Sex Marriage Script by Gay Canvasser,50,NA,56,54
Same-Sex Marriage Script by Gay Canvasser,32,32,30,45
Same-Sex Marriage Script by Gay Canvasser,43,56,67,71
Same-Sex Marriage Script by Gay Canvasser,50,58,NA,61
Same-Sex Marriage Script by Gay Canvasser,41,28,47,37
Same-Sex Marriage Script by Gay Canvasser,91,89,NA,94
Same-Sex Marriage Script by Gay Canvasser,67,77,81,69
Same-Sex Marriage Script by Gay Canvasser,51,57,60,58
Same-Sex Marriage Script by Gay Canvasser,91,91,NA,91
Same-Sex Marriage Script by Gay Canvasser,55,55,58,70
Same-Sex Marriage Script by Gay Canvasser,63,82,81,81
Same-Sex Marriage Script by Gay Canvasser,47,54,55,40
Same-Sex Marriage Script by Gay Canvasser,50,51,50,66
Same-Sex Marriage Script by Gay Canvasser,52,42,62,50
Same-Sex Marriage Script by Gay Canvasser,90,100,82,88
Same-Sex Marriage Script by Gay Canvasser,11,18,28,12
Same-Sex Marriage Script by Gay Canvasser,95,100,NA,94
Same-Sex Marriage Script by Gay Canvasser,90,78,85,78
Same-Sex Marriage Script by Gay Canvasser,65,70,62,83
Same-Sex Marriage Script by Gay Canvasser,50,40,53,55
Same-Sex Marriage Script by Gay Canvasser,80,100,100,NA
Same-Sex Marriage Script by Gay Canvasser,50,46,54,54
Same-Sex Marriage Script by Gay Canvasser,99,100,91,100
Same-Sex Marriage Script by Gay Canvasser,100,100,100,100
Same-Sex Marriage Script by Gay Canvasser,31,29,44,40
Same-Sex Marriage Script by Gay Canvasser,50,52,46,NA
Same-Sex Marriage Script by Gay Canvasser,75,NA,69,NA
Same-Sex Marriage Script by Gay Canvasser,47,45,35,50
Same-Sex Marriage Script by Gay Canvasser,53,58,45,50
Same-Sex Marriage Script by Gay Canvasser,81,NA,97,NA
Same-Sex Marriage Script by Gay Canvasser,1,0,NA,0
Same-Sex Marriage Script by Gay Canvasser,94,NA,96,82
Same-Sex Marriage Script by Gay Canvasser,91,NA,100,98
Same-Sex Marriage Script by Gay Canvasser,100,95,100,NA
Same-Sex Marriage Script by Gay Canvasser,78,78,91,93
Same-Sex Marriage Script by Gay Canvasser,50,NA,45,59
Same-Sex Marriage Script by Gay Canvasser,77,74,71,99
Same-Sex Marriage Script by Gay Canvasser,50,56,45,40
Same-Sex Marriage Script by Gay Canvasser,13,NA,NA,24
Same-Sex Marriage Script by Gay Canvasser,50,47,48,44
Same-Sex Marriage Script by Gay Canvasser,96,96,100,97
Same-Sex Marriage Script by Gay Canvasser,49,57,58,35
Same-Sex Marriage Script by Gay Canvasser,72,83,NA,81
Same-Sex Marriage Script by Gay Canvasser,25,18,17,19
Same-Sex Marriage Script by Gay Canvasser,92,97,NA,NA
Same-Sex Marriage Script by Gay Canvasser,91,82,85,88
Same-Sex Marriage Script by Gay Canvasser,50,45,51,NA
Same-Sex Marriage Script by Gay Canvasser,51,54,34,55
Same-Sex Marriage Script by Gay Canvasser,88,100,NA,90
Same-Sex Marriage Script by Gay Canvasser,50,58,56,47
Same-Sex Marriage Script by Gay Canvasser,80,88,73,65
Same-Sex Marriage Script by Gay Canvasser,21,22,NA,NA
Same-Sex Marriage Script by Gay Canvasser,50,59,60,48
Same-Sex Marriage Script by Gay Canvasser,100,91,100,100
Same-Sex Marriage Script by Gay Canvasser,50,50,51,57
Same-Sex Marriage Script by Gay Canvasser,50,62,65,68
Same-Sex Marriage Script by Gay Canvasser,85,83,94,76
Same-Sex Marriage Script by Gay Canvasser,4,4,0,6
Same-Sex Marriage Script by Gay Canvasser,100,100,96,100
Same-Sex Marriage Script by Gay Canvasser,52,59,56,46
Same-Sex Marriage Script by Gay Canvasser,50,45,45,58
Same-Sex Marriage Script by Gay Canvasser,10,5,16,NA
Same-Sex Marriage Script by Gay Canvasser,42,32,58,49
Same-Sex Marriage Script by Gay Canvasser,91,NA,100,NA
Same-Sex Marriage Script by Gay Canvasser,95,97,95,100
Same-Sex Marriage Script by Gay Canvasser,41,46,55,58
Same-Sex Marriage Script by Gay Canvasser,52,34,47,45
Same-Sex Marriage Script by Gay Canvasser,51,77,86,93
Same-Sex Marriage Script by Gay Canvasser,82,87,83,84
Same-Sex Marriage Script by Gay Canvasser,50,48,54,44
Same-Sex Marriage Script by Gay Canvasser,46,52,52,56
Same-Sex Marriage Script by Gay Canvasser,100,96,100,100
Same-Sex Marriage Script by Gay Canvasser,50,45,50,45
Same-Sex Marriage Script by Gay Canvasser,60,62,58,76
Same-Sex Marriage Script by Gay Canvasser,21,22,27,32
Same-Sex Marriage Script by Gay Canvasser,78,77,89,69
Same-Sex Marriage Script by Gay Canvasser,90,87,90,100
Same-Sex Marriage Script by Gay Canvasser,100,96,98,92
Same-Sex Marriage Script by Gay Canvasser,100,99,100,100
Same-Sex Marriage Script by Gay Canvasser,22,26,36,NA
Same-Sex Marriage Script by Gay Canvasser,50,52,NA,66
Same-Sex Marriage Script by Gay Canvasser,92,100,94,92
Same-Sex Marriage Script by Gay Canvasser,100,100,90,93
Same-Sex Marriage Script by Gay Canvasser,95,NA,100,86
Same-Sex Marriage Script by Gay Canvasser,51,50,48,NA
Same-Sex Marriage Script by Gay Canvasser,3,NA,8,5
Same-Sex Marriage Script by Gay Canvasser,51,60,NA,49
Same-Sex Marriage Script by Gay Canvasser,50,53,57,56
Same-Sex Marriage Script by Gay Canvasser,100,99,90,100
Same-Sex Marriage Script by Gay Canvasser,50,63,62,68
Same-Sex Marriage Script by Gay Canvasser,85,75,73,90
Same-Sex Marriage Script by Gay Canvasser,81,97,NA,75
Same-Sex Marriage Script by Gay Canvasser,31,21,NA,27
Same-Sex Marriage Script by Gay Canvasser,51,56,NA,46
Same-Sex Marriage Script by Gay Canvasser,16,23,29,28
Same-Sex Marriage Script by Gay Canvasser,100,100,100,100
Same-Sex Marriage Script by Gay Canvasser,100,100,100,86
Same-Sex Marriage Script by Gay Canvasser,91,100,85,89
Same-Sex Marriage Script by Gay Canvasser,56,61,58,51
Same-Sex Marriage Script by Gay Canvasser,3,15,10,5
Same-Sex Marriage Script by Gay Canvasser,18,21,21,29
Same-Sex Marriage Script by Gay Canvasser,1,NA,NA,10
Same-Sex Marriage Script by Gay Canvasser,50,48,NA,NA
Same-Sex Marriage Script by Gay Canvasser,52,71,NA,94
Same-Sex Marriage Script by Gay Canvasser,50,47,54,42
Same-Sex Marriage Script by Gay Canvasser,100,NA,99,100
Same-Sex Marriage Script by Gay Canvasser,91,100,81,100
Same-Sex Marriage Script by Gay Canvasser,31,34,30,17
Same-Sex Marriage Script by Gay Canvasser,8,NA,0,29
Same-Sex Marriage Script by Gay Canvasser,52,54,40,41
Same-Sex Marriage Script by Gay Canvasser,85,78,NA,82
Same-Sex Marriage Script by Gay Canvasser,84,NA,66,NA
Same-Sex Marriage Script by Gay Canvasser,16,24,3,19
Same-Sex Marriage Script by Gay Canvasser,56,68,45,55
Same-Sex Marriage Script by Gay Canvasser,51,64,42,59
Same-Sex Marriage Script by Gay Canvasser,4,22,26,23
Same-Sex Marriage Script by Gay Canvasser,95,94,92,NA
Same-Sex Marriage Script by Gay Canvasser,0,NA,5,NA
Same-Sex Marriage Script by Gay Canvasser,50,NA,53,49
Same-Sex Marriage Script by Gay Canvasser,54,59,52,48
Same-Sex Marriage Script by Gay Canvasser,9,9,6,3
Same-Sex Marriage Script by Gay Canvasser,71,62,74,74
Same-Sex Marriage Script by Gay Canvasser,50,NA,67,74
Same-Sex Marriage Script by Gay Canvasser,50,45,56,59
Same-Sex Marriage Script by Gay Canvasser,90,76,NA,100
Same-Sex Marriage Script by Gay Canvasser,41,36,NA,48
Same-Sex Marriage Script by Gay Canvasser,100,100,100,93
Same-Sex Marriage Script by Gay Canvasser,51,44,57,61
Same-Sex Marriage Script by Gay Canvasser,82,95,73,89
Same-Sex Marriage Script by Gay Canvasser,45,NA,54,54
Same-Sex Marriage Script by Gay Canvasser,46,53,55,NA
Same-Sex Marriage Script by Gay Canvasser,6,8,7,20
Same-Sex Marriage Script by Gay Canvasser,50,51,41,52
Same-Sex Marriage Script by Gay Canvasser,50,51,48,NA
Same-Sex Marriage Script by Gay Canvasser,19,5,13,19
Same-Sex Marriage Script by Gay Canvasser,67,68,92,60
Same-Sex Marriage Script by Gay Canvasser,89,100,79,87
Same-Sex Marriage Script by Gay Canvasser,62,65,61,58
Same-Sex Marriage Script by Gay Canvasser,52,38,49,51
Same-Sex Marriage Script by Gay Canvasser,91,100,100,83
Same-Sex Marriage Script by Gay Canvasser,33,34,40,31
Same-Sex Marriage Script by Gay Canvasser,82,83,NA,95
Same-Sex Marriage Script by Gay Canvasser,72,74,56,80
Same-Sex Marriage Script by Gay Canvasser,96,100,85,88
Same-Sex Marriage Script by Gay Canvasser,40,44,43,59
Same-Sex Marriage Script by Gay Canvasser,19,39,NA,25
Same-Sex Marriage Script by Gay Canvasser,51,40,60,54
Same-Sex Marriage Script by Gay Canvasser,94,100,95,100
Same-Sex Marriage Script by Gay Canvasser,71,65,79,78
Same-Sex Marriage Script by Gay Canvasser,56,62,41,56
Same-Sex Marriage Script by Gay Canvasser,47,39,40,44
Same-Sex Marriage Script by Gay Canvasser,50,51,41,44
Same-Sex Marriage Script by Gay Canvasser,70,NA,NA,61
Same-Sex Marriage Script by Gay Canvasser,3,8,13,20
Same-Sex Marriage Script by Gay Canvasser,67,78,NA,76
Same-Sex Marriage Script by Gay Canvasser,50,NA,54,52
Same-Sex Marriage Script by Gay Canvasser,3,7,NA,8
Same-Sex Marriage Script by Gay Canvasser,40,43,44,52
Same-Sex Marriage Script by Gay Canvasser,100,100,100,97
Same-Sex Marriage Script by Gay Canvasser,51,55,67,56
Same-Sex Marriage Script by Gay Canvasser,42,36,NA,46
Same-Sex Marriage Script by Gay Canvasser,96,100,100,96
Same-Sex Marriage Script by Gay Canvasser,12,4,11,8
Same-Sex Marriage Script by Gay Canvasser,91,NA,NA,77
Same-Sex Marriage Script by Gay Canvasser,90,82,85,87
Same-Sex Marriage Script by Gay Canvasser,22,20,19,50
Same-Sex Marriage Script by Gay Canvasser,50,68,68,76
Same-Sex Marriage Script by Gay Canvasser,80,95,89,NA
Same-Sex Marriage Script by Gay Canvasser,11,NA,0,14
Same-Sex Marriage Script by Gay Canvasser,68,NA,71,77
Same-Sex Marriage Script by Gay Canvasser,76,72,67,90
Same-Sex Marriage Script by Gay Canvasser,1,0,3,0
Same-Sex Marriage Script by Gay Canvasser,79,78,74,79
Same-Sex Marriage Script by Gay Canvasser,99,100,100,90
Same-Sex Marriage Script by Gay Canvasser,99,100,94,92
Same-Sex Marriage Script by Gay Canvasser,50,47,55,60
Same-Sex Marriage Script by Gay Canvasser,100,100,91,NA
Same-Sex Marriage Script by Gay Canvasser,100,NA,NA,100
Same-Sex Marriage Script by Gay Canvasser,73,NA,69,66
Same-Sex Marriage Script by Gay Canvasser,63,81,85,75
Same-Sex Marriage Script by Gay Canvasser,50,48,46,52
Same-Sex Marriage Script by Gay Canvasser,99,89,100,100
Same-Sex Marriage Script by Gay Canvasser,55,60,52,39
Same-Sex Marriage Script by Gay Canvasser,50,51,53,57
Same-Sex Marriage Script by Gay Canvasser,100,100,NA,98
Same-Sex Marriage Script by Gay Canvasser,66,58,70,74
Same-Sex Marriage Script by Gay Canvasser,62,74,73,NA
Same-Sex Marriage Script by Gay Canvasser,29,5,37,38
Same-Sex Marriage Script by Gay Canvasser,1,3,0,10
Same-Sex Marriage Script by Gay Canvasser,82,75,83,NA
Same-Sex Marriage Script by Gay Canvasser,50,51,51,NA
Same-Sex Marriage Script by Gay Canvasser,11,12,NA,17
Same-Sex Marriage Script by Gay Canvasser,100,NA,100,100
Same-Sex Marriage Script by Gay Canvasser,66,74,NA,70
Same-Sex Marriage Script by Gay Canvasser,50,47,57,50
Same-Sex Marriage Script by Gay Canvasser,9,35,NA,47
Same-Sex Marriage Script by Gay Canvasser,38,34,45,51
Same-Sex Marriage Script by Gay Canvasser,98,100,100,98
Same-Sex Marriage Script by Gay Canvasser,44,45,47,59
Same-Sex Marriage Script by Gay Canvasser,91,100,NA,93
Same-Sex Marriage Script by Gay Canvasser,81,90,100,77
Same-Sex Marriage Script by Gay Canvasser,1,2,0,7
Same-Sex Marriage Script by Gay Canvasser,85,88,100,81
Same-Sex Marriage Script by Gay Canvasser,52,60,NA,44
Same-Sex Marriage Script by Gay Canvasser,22,24,29,22
Same-Sex Marriage Script by Gay Canvasser,93,87,70,100
Same-Sex Marriage Script by Gay Canvasser,51,44,44,62
Same-Sex Marriage Script by Gay Canvasser,82,93,77,NA
Same-Sex Marriage Script by Gay Canvasser,50,NA,39,47
Same-Sex Marriage Script by Gay Canvasser,86,84,100,86
Same-Sex Marriage Script by Gay Canvasser,91,NA,NA,98
Same-Sex Marriage Script by Gay Canvasser,50,56,49,51
Same-Sex Marriage Script by Gay Canvasser,30,33,37,38
Same-Sex Marriage Script by Gay Canvasser,91,100,80,87
Same-Sex Marriage Script by Gay Canvasser,100,100,99,NA
Same-Sex Marriage Script by Gay Canvasser,100,97,94,100
Same-Sex Marriage Script by Gay Canvasser,41,40,43,49
Same-Sex Marriage Script by Gay Canvasser,70,67,60,54
Same-Sex Marriage Script by Gay Canvasser,21,24,34,17
Same-Sex Marriage Script by Gay Canvasser,21,21,22,22
Same-Sex Marriage Script by Gay Canvasser,48,57,35,33
Same-Sex Marriage Script by Gay Canvasser,38,43,34,43
Same-Sex Marriage Script by Gay Canvasser,47,38,48,43
Same-Sex Marriage Script by Gay Canvasser,84,94,73,87
Same-Sex Marriage Script by Gay Canvasser,50,47,57,51
Same-Sex Marriage Script by Gay Canvasser,50,48,45,56
Same-Sex Marriage Script by Gay Canvasser,32,23,47,28
Same-Sex Marriage Script by Gay Canvasser,80,100,100,100
Same-Sex Marriage Script by Gay Canvasser,42,38,56,52
Same-Sex Marriage Script by Gay Canvasser,46,54,51,45
Same-Sex Marriage Script by Gay Canvasser,50,NA,37,57
Same-Sex Marriage Script by Gay Canvasser,84,100,72,82
Same-Sex Marriage Script by Gay Canvasser,58,77,65,52
Same-Sex Marriage Script by Gay Canvasser,32,39,35,31
Same-Sex Marriage Script by Gay Canvasser,51,55,54,67
Same-Sex Marriage Script by Gay Canvasser,81,85,77,94
Same-Sex Marriage Script by Gay Canvasser,74,59,65,74
Same-Sex Marriage Script by Gay Canvasser,70,73,62,64
Same-Sex Marriage Script by Gay Canvasser,50,50,NA,55
Same-Sex Marriage Script by Gay Canvasser,50,47,54,NA
Same-Sex Marriage Script by Gay Canvasser,50,NA,41,49
Same-Sex Marriage Script by Gay Canvasser,67,52,75,63
Same-Sex Marriage Script by Gay Canvasser,51,63,81,48
Same-Sex Marriage Script by Gay Canvasser,63,51,62,64
Same-Sex Marriage Script by Gay Canvasser,51,56,63,63
Same-Sex Marriage Script by Gay Canvasser,3,7,8,NA
Same-Sex Marriage Script by Gay Canvasser,3,9,11,NA
Same-Sex Marriage Script by Gay Canvasser,2,0,0,8
Same-Sex Marriage Script by Gay Canvasser,41,50,48,36
Same-Sex Marriage Script by Gay Canvasser,50,44,59,NA
Same-Sex Marriage Script by Gay Canvasser,60,48,73,45
Same-Sex Marriage Script by Gay Canvasser,6,18,NA,30
Same-Sex Marriage Script by Gay Canvasser,100,100,100,95
Same-Sex Marriage Script by Gay Canvasser,91,NA,96,82
Same-Sex Marriage Script by Gay Canvasser,67,80,77,77
Same-Sex Marriage Script by Gay Canvasser,47,65,43,52
Same-Sex Marriage Script by Gay Canvasser,52,43,54,NA
Same-Sex Marriage Script by Gay Canvasser,2,0,10,8
Same-Sex Marriage Script by Gay Canvasser,65,60,53,NA
Same-Sex Marriage Script by Gay Canvasser,21,28,19,19
Same-Sex Marriage Script by Gay Canvasser,100,98,93,100
Same-Sex Marriage Script by Gay Canvasser,50,47,54,54
Same-Sex Marriage Script by Gay Canvasser,1,0,10,1
Same-Sex Marriage Script by Gay Canvasser,50,53,47,57
Same-Sex Marriage Script by Gay Canvasser,88,80,79,100
Same-Sex Marriage Script by Gay Canvasser,61,48,41,57
Same-Sex Marriage Script by Gay Canvasser,96,NA,89,NA
Same-Sex Marriage Script by Gay Canvasser,66,60,86,80
Same-Sex Marriage Script by Gay Canvasser,96,100,NA,NA
Same-Sex Marriage Script by Gay Canvasser,100,NA,100,99
Same-Sex Marriage Script by Gay Canvasser,3,8,NA,11
Same-Sex Marriage Script by Gay Canvasser,1,7,0,0
Same-Sex Marriage Script by Gay Canvasser,77,76,77,79
Same-Sex Marriage Script by Gay Canvasser,94,100,91,96
Same-Sex Marriage Script by Gay Canvasser,50,49,44,50
Same-Sex Marriage Script by Gay Canvasser,63,49,72,65
Same-Sex Marriage Script by Gay Canvasser,63,69,41,NA
Same-Sex Marriage Script by Gay Canvasser,100,100,NA,NA
Same-Sex Marriage Script by Gay Canvasser,96,NA,NA,100
Same-Sex Marriage Script by Gay Canvasser,50,52,48,54
Same-Sex Marriage Script by Gay Canvasser,91,100,88,85
Same-Sex Marriage Script by Gay Canvasser,35,19,33,38
Same-Sex Marriage Script by Gay Canvasser,70,72,71,72
Same-Sex Marriage Script by Gay Canvasser,53,NA,54,71
Same-Sex Marriage Script by Gay Canvasser,80,80,88,87
Same-Sex Marriage Script by Gay Canvasser,52,68,59,76
Same-Sex Marriage Script by Gay Canvasser,50,48,58,51
Same-Sex Marriage Script by Gay Canvasser,100,100,91,95
Same-Sex Marriage Script by Gay Canvasser,50,59,NA,62
Same-Sex Marriage Script by Gay Canvasser,98,98,90,100
Same-Sex Marriage Script by Gay Canvasser,71,73,78,83
Same-Sex Marriage Script by Gay Canvasser,3,21,30,36
Same-Sex Marriage Script by Gay Canvasser,60,49,53,NA
Same-Sex Marriage Script by Gay Canvasser,22,27,22,23
Same-Sex Marriage Script by Gay Canvasser,44,47,55,46
Same-Sex Marriage Script by Gay Canvasser,52,63,54,49
Same-Sex Marriage Script by Gay Canvasser,52,52,65,53
Same-Sex Marriage Script by Gay Canvasser,90,92,90,96
Same-Sex Marriage Script by Gay Canvasser,50,71,69,71
Same-Sex Marriage Script by Gay Canvasser,100,100,100,98
Same-Sex Marriage Script by Gay Canvasser,73,70,77,69
Same-Sex Marriage Script by Gay Canvasser,12,4,NA,11
Same-Sex Marriage Script by Gay Canvasser,99,95,100,100
Same-Sex Marriage Script by Gay Canvasser,86,NA,77,91
Same-Sex Marriage Script by Gay Canvasser,60,63,50,45
Same-Sex Marriage Script by Gay Canvasser,53,NA,69,62
Same-Sex Marriage Script by Gay Canvasser,84,74,NA,97
Same-Sex Marriage Script by Gay Canvasser,50,54,51,NA
Same-Sex Marriage Script by Gay Canvasser,41,44,37,NA
Same-Sex Marriage Script by Gay Canvasser,100,99,99,100
Same-Sex Marriage Script by Gay Canvasser,91,100,NA,100
Same-Sex Marriage Script by Gay Canvasser,3,0,14,0
Same-Sex Marriage Script by Gay Canvasser,48,46,48,NA
Same-Sex Marriage Script by Gay Canvasser,80,84,69,72
Same-Sex Marriage Script by Gay Canvasser,75,NA,83,78
Same-Sex Marriage Script by Gay Canvasser,50,53,51,49
Same-Sex Marriage Script by Gay Canvasser,50,46,45,61
Same-Sex Marriage Script by Gay Canvasser,70,63,58,68
Same-Sex Marriage Script by Gay Canvasser,100,100,100,100
Same-Sex Marriage Script by Gay Canvasser,3,36,17,8
Same-Sex Marriage Script by Gay Canvasser,85,100,100,99
Same-Sex Marriage Script by Gay Canvasser,51,80,72,68
Same-Sex Marriage Script by Gay Canvasser,100,100,100,93
Same-Sex Marriage Script by Gay Canvasser,100,100,92,96
Same-Sex Marriage Script by Gay Canvasser,100,97,96,98
Same-Sex Marriage Script by Gay Canvasser,87,90,67,73
Same-Sex Marriage Script by Gay Canvasser,50,54,49,43
Same-Sex Marriage Script by Gay Canvasser,81,76,76,89
Same-Sex Marriage Script by Gay Canvasser,70,72,80,80
Same-Sex Marriage Script by Gay Canvasser,62,69,51,59
Same-Sex Marriage Script by Gay Canvasser,58,64,69,58
Same-Sex Marriage Script by Gay Canvasser,50,58,54,62
Same-Sex Marriage Script by Gay Canvasser,100,100,100,96
Same-Sex Marriage Script by Gay Canvasser,50,NA,62,41
Same-Sex Marriage Script by Gay Canvasser,50,48,55,45
Same-Sex Marriage Script by Gay Canvasser,82,80,94,77
Same-Sex Marriage Script by Gay Canvasser,1,0,16,NA
Same-Sex Marriage Script by Gay Canvasser,52,44,NA,55
Same-Sex Marriage Script by Gay Canvasser,20,52,41,45
Same-Sex Marriage Script by Gay Canvasser,50,47,43,51
Same-Sex Marriage Script by Gay Canvasser,100,95,100,98
Same-Sex Marriage Script by Gay Canvasser,32,38,29,19
Same-Sex Marriage Script by Gay Canvasser,98,NA,100,100
Same-Sex Marriage Script by Gay Canvasser,72,73,80,76
Same-Sex Marriage Script by Gay Canvasser,50,61,57,49
Same-Sex Marriage Script by Gay Canvasser,32,36,32,30
Same-Sex Marriage Script by Gay Canvasser,36,44,36,37
Same-Sex Marriage Script by Gay Canvasser,51,59,60,46
Same-Sex Marriage Script by Gay Canvasser,7,9,13,NA
Same-Sex Marriage Script by Gay Canvasser,60,94,87,93
Same-Sex Marriage Script by Gay Canvasser,52,47,59,62
Same-Sex Marriage Script by Gay Canvasser,75,72,NA,69
Same-Sex Marriage Script by Gay Canvasser,11,4,31,11
Same-Sex Marriage Script by Gay Canvasser,71,74,88,59
Same-Sex Marriage Script by Gay Canvasser,6,8,22,6
Same-Sex Marriage Script by Gay Canvasser,9,14,14,6
Same-Sex Marriage Script by Gay Canvasser,90,91,NA,NA
Same-Sex Marriage Script by Gay Canvasser,80,97,80,72
Same-Sex Marriage Script by Gay Canvasser,54,52,50,50
Same-Sex Marriage Script by Gay Canvasser,6,20,29,NA
Same-Sex Marriage Script by Gay Canvasser,50,49,46,58
Same-Sex Marriage Script by Gay Canvasser,2,0,0,0
Same-Sex Marriage Script by Gay Canvasser,32,42,24,29
Same-Sex Marriage Script by Gay Canvasser,30,22,27,23
Same-Sex Marriage Script by Gay Canvasser,53,60,62,42
Same-Sex Marriage Script by Gay Canvasser,90,79,95,NA
Same-Sex Marriage Script by Gay Canvasser,53,51,56,52
Same-Sex Marriage Script by Gay Canvasser,7,29,24,22
Same-Sex Marriage Script by Gay Canvasser,20,15,15,NA
Same-Sex Marriage Script by Gay Canvasser,45,40,46,NA
Same-Sex Marriage Script by Gay Canvasser,61,66,56,NA
Same-Sex Marriage Script by Gay Canvasser,93,100,100,NA
Same-Sex Marriage Script by Gay Canvasser,72,70,77,71
Same-Sex Marriage Script by Gay Canvasser,50,45,NA,45
Same-Sex Marriage Script by Gay Canvasser,50,65,56,59
Same-Sex Marriage Script by Gay Canvasser,4,14,20,23
Same-Sex Marriage Script by Gay Canvasser,73,82,80,73
Same-Sex Marriage Script by Gay Canvasser,50,48,NA,52
Same-Sex Marriage Script by Gay Canvasser,6,16,17,7
Same-Sex Marriage Script by Gay Canvasser,50,54,51,45
Same-Sex Marriage Script by Gay Canvasser,50,49,48,59
Same-Sex Marriage Script by Gay Canvasser,92,100,83,100
Same-Sex Marriage Script by Gay Canvasser,42,60,60,61
Same-Sex Marriage Script by Gay Canvasser,83,97,95,83
Same-Sex Marriage Script by Gay Canvasser,95,100,100,78
Same-Sex Marriage Script by Gay Canvasser,50,52,50,48
Same-Sex Marriage Script by Gay Canvasser,25,23,27,17
Same-Sex Marriage Script by Gay Canvasser,61,63,73,53
Same-Sex Marriage Script by Gay Canvasser,81,85,NA,74
Same-Sex Marriage Script by Gay Canvasser,56,59,61,65
Same-Sex Marriage Script by Gay Canvasser,44,45,56,40
Same-Sex Marriage Script by Gay Canvasser,89,98,96,82
Same-Sex Marriage Script by Gay Canvasser,50,66,63,59
Same-Sex Marriage Script by Gay Canvasser,75,88,87,74
Same-Sex Marriage Script by Gay Canvasser,61,NA,60,69
Same-Sex Marriage Script by Gay Canvasser,54,59,40,NA
Same-Sex Marriage Script by Gay Canvasser,80,73,75,83
Same-Sex Marriage Script by Gay Canvasser,86,65,65,87
Same-Sex Marriage Script by Gay Canvasser,73,81,79,72
Same-Sex Marriage Script by Gay Canvasser,50,61,46,NA
Same-Sex Marriage Script by Gay Canvasser,55,60,60,58
Same-Sex Marriage Script by Gay Canvasser,72,70,78,78
Same-Sex Marriage Script by Gay Canvasser,29,23,36,20
Same-Sex Marriage Script by Gay Canvasser,90,86,94,95
Same-Sex Marriage Script by Gay Canvasser,100,100,98,100
Same-Sex Marriage Script by Gay Canvasser,79,95,88,94
Same-Sex Marriage Script by Gay Canvasser,53,39,NA,53
Same-Sex Marriage Script by Gay Canvasser,6,26,10,7
Same-Sex Marriage Script by Gay Canvasser,50,48,46,55
Same-Sex Marriage Script by Gay Canvasser,59,58,52,51
Same-Sex Marriage Script by Gay Canvasser,50,50,46,53
Same-Sex Marriage Script by Gay Canvasser,80,93,NA,76
Same-Sex Marriage Script by Gay Canvasser,50,51,NA,45
Same-Sex Marriage Script by Gay Canvasser,99,NA,90,100
Same-Sex Marriage Script by Gay Canvasser,23,21,15,NA
Same-Sex Marriage Script by Gay Canvasser,84,100,100,100
Same-Sex Marriage Script by Gay Canvasser,85,100,93,88
Same-Sex Marriage Script by Gay Canvasser,81,NA,71,94
Same-Sex Marriage Script by Gay Canvasser,100,100,100,93
Same-Sex Marriage Script by Gay Canvasser,42,NA,53,50
Same-Sex Marriage Script by Gay Canvasser,81,100,NA,100
Same-Sex Marriage Script by Gay Canvasser,26,39,32,29
Same-Sex Marriage Script by Gay Canvasser,40,58,35,43
Same-Sex Marriage Script by Gay Canvasser,100,97,100,100
Same-Sex Marriage Script by Gay Canvasser,58,71,66,67
Same-Sex Marriage Script by Gay Canvasser,100,100,100,NA
Same-Sex Marriage Script by Gay Canvasser,58,NA,42,74
Same-Sex Marriage Script by Gay Canvasser,52,NA,57,55
Same-Sex Marriage Script by Gay Canvasser,69,78,67,72
Same-Sex Marriage Script by Gay Canvasser,50,51,NA,64
Same-Sex Marriage Script by Gay Canvasser,28,NA,19,NA
Same-Sex Marriage Script by Gay Canvasser,50,85,85,79
Same-Sex Marriage Script by Gay Canvasser,87,88,80,76
Same-Sex Marriage Script by Gay Canvasser,47,50,35,33
Same-Sex Marriage Script by Gay Canvasser,55,73,62,66
Same-Sex Marriage Script by Gay Canvasser,48,42,58,45
Same-Sex Marriage Script by Gay Canvasser,50,56,43,60
Same-Sex Marriage Script by Gay Canvasser,29,24,NA,34
Same-Sex Marriage Script by Gay Canvasser,88,100,100,100
Same-Sex Marriage Script by Gay Canvasser,65,74,67,65
Same-Sex Marriage Script by Gay Canvasser,50,46,61,47
Same-Sex Marriage Script by Gay Canvasser,99,100,90,100
Same-Sex Marriage Script by Gay Canvasser,50,78,70,69
Same-Sex Marriage Script by Gay Canvasser,99,100,100,100
Same-Sex Marriage Script by Gay Canvasser,50,50,NA,49
Same-Sex Marriage Script by Gay Canvasser,100,100,NA,NA
Same-Sex Marriage Script by Gay Canvasser,6,3,NA,4
Same-Sex Marriage Script by Gay Canvasser,50,56,50,43
Same-Sex Marriage Script by Gay Canvasser,52,76,85,95
Same-Sex Marriage Script by Gay Canvasser,55,56,48,72
Same-Sex Marriage Script by Gay Canvasser,50,79,NA,98
Same-Sex Marriage Script by Gay Canvasser,50,74,56,45
Same-Sex Marriage Script by Gay Canvasser,50,69,59,56
Same-Sex Marriage Script by Gay Canvasser,55,60,49,50
Same-Sex Marriage Script by Gay Canvasser,1,4,5,12
Same-Sex Marriage Script by Gay Canvasser,100,100,100,100
Same-Sex Marriage Script by Gay Canvasser,10,20,12,0
Same-Sex Marriage Script by Gay Canvasser,19,13,13,27
Same-Sex Marriage Script by Gay Canvasser,99,100,96,98
Same-Sex Marriage Script by Gay Canvasser,99,NA,100,NA
Same-Sex Marriage Script by Gay Canvasser,100,100,100,100
Same-Sex Marriage Script by Gay Canvasser,50,NA,48,46
Same-Sex Marriage Script by Gay Canvasser,41,37,31,37
Same-Sex Marriage Script by Gay Canvasser,100,97,97,94
Same-Sex Marriage Script by Gay Canvasser,52,61,63,51
Same-Sex Marriage Script by Gay Canvasser,50,48,49,53
Same-Sex Marriage Script by Gay Canvasser,20,21,17,13
Same-Sex Marriage Script by Gay Canvasser,74,68,79,67
Same-Sex Marriage Script by Gay Canvasser,49,49,NA,61
Same-Sex Marriage Script by Gay Canvasser,100,NA,97,100
Same-Sex Marriage Script by Gay Canvasser,50,32,NA,56
Same-Sex Marriage Script by Gay Canvasser,51,46,50,49
Same-Sex Marriage Script by Gay Canvasser,44,45,48,53
Same-Sex Marriage Script by Gay Canvasser,60,74,54,60
Same-Sex Marriage Script by Gay Canvasser,97,100,100,99
Same-Sex Marriage Script by Gay Canvasser,51,65,NA,71
Same-Sex Marriage Script by Gay Canvasser,90,NA,100,90
Same-Sex Marriage Script by Gay Canvasser,5,6,31,0
Same-Sex Marriage Script by Gay Canvasser,91,100,100,98
Same-Sex Marriage Script by Gay Canvasser,73,70,61,85
Same-Sex Marriage Script by Gay Canvasser,100,99,100,100
Same-Sex Marriage Script by Gay Canvasser,32,14,26,41
Same-Sex Marriage Script by Gay Canvasser,70,62,59,80
Same-Sex Marriage Script by Gay Canvasser,50,65,55,52
Same-Sex Marriage Script by Gay Canvasser,14,29,11,33
Same-Sex Marriage Script by Gay Canvasser,28,25,40,34
Same-Sex Marriage Script by Gay Canvasser,90,84,91,100
Same-Sex Marriage Script by Gay Canvasser,50,54,46,52
Same-Sex Marriage Script by Gay Canvasser,100,91,100,100
Same-Sex Marriage Script by Gay Canvasser,17,NA,22,13
Same-Sex Marriage Script by Gay Canvasser,70,74,69,64
Same-Sex Marriage Script by Gay Canvasser,90,84,88,91
Same-Sex Marriage Script by Gay Canvasser,52,40,56,65
Same-Sex Marriage Script by Gay Canvasser,97,100,NA,99
Same-Sex Marriage Script by Gay Canvasser,88,85,84,NA
Same-Sex Marriage Script by Gay Canvasser,50,51,NA,50
Same-Sex Marriage Script by Gay Canvasser,2,0,5,11
Same-Sex Marriage Script by Gay Canvasser,20,34,39,34
Same-Sex Marriage Script by Gay Canvasser,100,NA,100,100
Same-Sex Marriage Script by Gay Canvasser,58,56,39,49
Same-Sex Marriage Script by Gay Canvasser,47,41,39,46
Same-Sex Marriage Script by Gay Canvasser,48,52,39,50
Same-Sex Marriage Script by Gay Canvasser,52,50,58,NA
Same-Sex Marriage Script by Gay Canvasser,97,100,98,89
Same-Sex Marriage Script by Gay Canvasser,52,60,69,55
Same-Sex Marriage Script by Gay Canvasser,19,15,29,41
Same-Sex Marriage Script by Gay Canvasser,45,NA,51,37
Same-Sex Marriage Script by Gay Canvasser,86,NA,89,87
Same-Sex Marriage Script by Gay Canvasser,50,50,50,52
Same-Sex Marriage Script by Gay Canvasser,54,57,55,75
Same-Sex Marriage Script by Gay Canvasser,38,27,42,46
Same-Sex Marriage Script by Gay Canvasser,72,NA,66,62
Same-Sex Marriage Script by Gay Canvasser,63,72,65,49
Same-Sex Marriage Script by Gay Canvasser,100,100,97,100
Same-Sex Marriage Script by Gay Canvasser,51,40,60,56
Same-Sex Marriage Script by Gay Canvasser,50,52,50,50
Same-Sex Marriage Script by Gay Canvasser,81,77,NA,88
Same-Sex Marriage Script by Gay Canvasser,51,54,53,53
Same-Sex Marriage Script by Gay Canvasser,53,60,58,49
Same-Sex Marriage Script by Gay Canvasser,53,83,88,91
Same-Sex Marriage Script by Gay Canvasser,7,2,5,2
Same-Sex Marriage Script by Gay Canvasser,85,NA,85,94
Same-Sex Marriage Script by Gay Canvasser,90,85,NA,99
Same-Sex Marriage Script by Gay Canvasser,94,94,87,88
Same-Sex Marriage Script by Gay Canvasser,50,48,54,51
Same-Sex Marriage Script by Gay Canvasser,100,98,99,90
Same-Sex Marriage Script by Gay Canvasser,93,92,100,100
Same-Sex Marriage Script by Gay Canvasser,53,48,52,46
Same-Sex Marriage Script by Gay Canvasser,50,48,NA,50
Same-Sex Marriage Script by Gay Canvasser,97,NA,100,100
Same-Sex Marriage Script by Gay Canvasser,100,100,100,100
Same-Sex Marriage Script by Gay Canvasser,52,49,48,54
Same-Sex Marriage Script by Gay Canvasser,6,NA,0,3
Same-Sex Marriage Script by Gay Canvasser,77,78,89,69
Same-Sex Marriage Script by Gay Canvasser,96,77,97,94
Same-Sex Marriage Script by Gay Canvasser,53,37,55,53
Same-Sex Marriage Script by Gay Canvasser,98,100,99,100
Same-Sex Marriage Script by Gay Canvasser,76,66,66,80
Same-Sex Marriage Script by Gay Canvasser,91,86,84,85
Same-Sex Marriage Script by Gay Canvasser,60,NA,63,62
Same-Sex Marriage Script by Gay Canvasser,50,51,48,43
Same-Sex Marriage Script by Gay Canvasser,100,96,NA,96
Same-Sex Marriage Script by Gay Canvasser,74,71,NA,72
Same-Sex Marriage Script by Gay Canvasser,50,48,62,NA
Same-Sex Marriage Script by Gay Canvasser,86,84,89,89
Same-Sex Marriage Script by Gay Canvasser,41,45,NA,47
Same-Sex Marriage Script by Gay Canvasser,100,100,100,98
Same-Sex Marriage Script by Gay Canvasser,78,NA,88,80
Same-Sex Marriage Script by Gay Canvasser,100,99,99,100
Same-Sex Marriage Script by Gay Canvasser,69,80,72,66
Same-Sex Marriage Script by Gay Canvasser,50,56,47,61
Same-Sex Marriage Script by Gay Canvasser,52,64,65,61
Same-Sex Marriage Script by Gay Canvasser,50,51,NA,54
Same-Sex Marriage Script by Gay Canvasser,63,NA,62,68
Same-Sex Marriage Script by Gay Canvasser,100,100,100,100
Same-Sex Marriage Script by Gay Canvasser,87,NA,NA,77
Same-Sex Marriage Script by Gay Canvasser,49,56,57,34
Same-Sex Marriage Script by Gay Canvasser,52,46,79,64
Same-Sex Marriage Script by Gay Canvasser,80,70,NA,82
Same-Sex Marriage Script by Gay Canvasser,100,100,100,100
Same-Sex Marriage Script by Gay Canvasser,1,6,0,0
Same-Sex Marriage Script by Gay Canvasser,51,84,92,100
Same-Sex Marriage Script by Gay Canvasser,29,20,21,18
Same-Sex Marriage Script by Gay Canvasser,90,93,100,66
Same-Sex Marriage Script by Gay Canvasser,50,66,55,37
Same-Sex Marriage Script by Gay Canvasser,93,93,NA,82
Same-Sex Marriage Script by Gay Canvasser,77,NA,92,89
Same-Sex Marriage Script by Gay Canvasser,37,22,39,44
Same-Sex Marriage Script by Gay Canvasser,11,29,25,28
Same-Sex Marriage Script by Gay Canvasser,50,49,42,53
Same-Sex Marriage Script by Gay Canvasser,50,65,72,83
Same-Sex Marriage Script by Gay Canvasser,17,NA,24,19
Same-Sex Marriage Script by Gay Canvasser,95,94,97,98
Same-Sex Marriage Script by Gay Canvasser,98,96,100,86
Same-Sex Marriage Script by Gay Canvasser,100,100,100,100
Same-Sex Marriage Script by Gay Canvasser,50,48,NA,48
Same-Sex Marriage Script by Gay Canvasser,100,93,92,NA
Same-Sex Marriage Script by Gay Canvasser,100,100,NA,100
Same-Sex Marriage Script by Gay Canvasser,79,78,98,79
Same-Sex Marriage Script by Gay Canvasser,100,99,94,100
Same-Sex Marriage Script by Gay Canvasser,67,69,64,65
Same-Sex Marriage Script by Gay Canvasser,100,NA,100,100
Same-Sex Marriage Script by Gay Canvasser,99,100,NA,95
Same-Sex Marriage Script by Gay Canvasser,49,NA,62,59
Same-Sex Marriage Script by Gay Canvasser,93,98,97,80
Same-Sex Marriage Script by Gay Canvasser,29,NA,22,23
Same-Sex Marriage Script by Gay Canvasser,1,10,8,NA
Same-Sex Marriage Script by Gay Canvasser,43,31,45,44
Same-Sex Marriage Script by Gay Canvasser,50,40,60,64
Same-Sex Marriage Script by Gay Canvasser,95,100,100,NA
Same-Sex Marriage Script by Gay Canvasser,100,100,96,100
Same-Sex Marriage Script by Gay Canvasser,50,50,52,58
Same-Sex Marriage Script by Gay Canvasser,99,100,83,92
Same-Sex Marriage Script by Gay Canvasser,92,100,NA,100
Same-Sex Marriage Script by Gay Canvasser,100,95,NA,95
Same-Sex Marriage Script by Gay Canvasser,88,100,NA,100
Same-Sex Marriage Script by Gay Canvasser,43,47,58,51
Same-Sex Marriage Script by Gay Canvasser,5,17,4,15
Same-Sex Marriage Script by Gay Canvasser,50,44,62,44
Same-Sex Marriage Script by Gay Canvasser,3,0,NA,7
Same-Sex Marriage Script by Gay Canvasser,65,NA,71,73
Same-Sex Marriage Script by Gay Canvasser,84,96,89,81
Same-Sex Marriage Script by Gay Canvasser,23,28,38,18
Same-Sex Marriage Script by Gay Canvasser,50,49,50,46
Same-Sex Marriage Script by Gay Canvasser,100,100,100,97
Same-Sex Marriage Script by Gay Canvasser,53,47,67,58
Same-Sex Marriage Script by Gay Canvasser,99,94,100,95
Same-Sex Marriage Script by Gay Canvasser,71,83,78,73
Same-Sex Marriage Script by Gay Canvasser,64,NA,77,82
Same-Sex Marriage Script by Gay Canvasser,82,100,98,100
Same-Sex Marriage Script by Gay Canvasser,48,35,53,58
Same-Sex Marriage Script by Gay Canvasser,100,97,98,93
Same-Sex Marriage Script by Gay Canvasser,56,54,48,67
Same-Sex Marriage Script by Gay Canvasser,95,100,98,99
Same-Sex Marriage Script by Gay Canvasser,50,44,50,51
Same-Sex Marriage Script by Gay Canvasser,68,70,78,65
Same-Sex Marriage Script by Gay Canvasser,50,51,62,62
Same-Sex Marriage Script by Gay Canvasser,7,6,8,12
Same-Sex Marriage Script by Gay Canvasser,2,6,NA,NA
Same-Sex Marriage Script by Gay Canvasser,28,36,39,29
Same-Sex Marriage Script by Gay Canvasser,97,100,96,90
Same-Sex Marriage Script by Gay Canvasser,50,46,52,53
Same-Sex Marriage Script by Gay Canvasser,94,97,87,99
Same-Sex Marriage Script by Gay Canvasser,50,50,51,50
Same-Sex Marriage Script by Gay Canvasser,44,34,59,33
Same-Sex Marriage Script by Gay Canvasser,52,NA,55,52
Same-Sex Marriage Script by Gay Canvasser,69,62,77,78
Same-Sex Marriage Script by Gay Canvasser,50,41,45,59
Same-Sex Marriage Script by Gay Canvasser,15,16,23,31
Same-Sex Marriage Script by Gay Canvasser,60,52,NA,63
Same-Sex Marriage Script by Gay Canvasser,97,99,100,96
Same-Sex Marriage Script by Gay Canvasser,100,98,100,100
Same-Sex Marriage Script by Gay Canvasser,72,67,84,69
Same-Sex Marriage Script by Gay Canvasser,100,94,NA,100
Same-Sex Marriage Script by Gay Canvasser,50,29,44,57
Same-Sex Marriage Script by Gay Canvasser,54,53,30,51
Same-Sex Marriage Script by Gay Canvasser,8,NA,16,NA
Same-Sex Marriage Script by Gay Canvasser,100,80,98,NA
Same-Sex Marriage Script by Gay Canvasser,48,71,NA,59
Same-Sex Marriage Script by Gay Canvasser,10,26,NA,22
Same-Sex Marriage Script by Gay Canvasser,76,70,70,91
Same-Sex Marriage Script by Gay Canvasser,31,28,7,29
Same-Sex Marriage Script by Gay Canvasser,41,NA,40,46
Same-Sex Marriage Script by Gay Canvasser,50,51,51,48
Same-Sex Marriage Script by Gay Canvasser,50,52,52,37
Same-Sex Marriage Script by Gay Canvasser,50,52,50,40
Same-Sex Marriage Script by Gay Canvasser,61,77,79,76
Same-Sex Marriage Script by Gay Canvasser,100,98,94,95
Same-Sex Marriage Script by Gay Canvasser,50,51,50,59
Same-Sex Marriage Script by Gay Canvasser,50,63,59,64
Same-Sex Marriage Script by Gay Canvasser,100,100,NA,92
Same-Sex Marriage Script by Gay Canvasser,100,100,95,100
Same-Sex Marriage Script by Gay Canvasser,20,14,26,12
Same-Sex Marriage Script by Gay Canvasser,69,58,86,77
Same-Sex Marriage Script by Gay Canvasser,50,NA,52,46
Same-Sex Marriage Script by Gay Canvasser,79,89,85,80
Same-Sex Marriage Script by Gay Canvasser,50,54,48,44
Same-Sex Marriage Script by Gay Canvasser,99,100,100,100
Same-Sex Marriage Script by Gay Canvasser,67,64,75,69
Same-Sex Marriage Script by Gay Canvasser,63,68,70,69
Same-Sex Marriage Script by Gay Canvasser,50,53,39,64
Same-Sex Marriage Script by Gay Canvasser,12,NA,9,0
Same-Sex Marriage Script by Gay Canvasser,1,NA,32,30
Same-Sex Marriage Script by Gay Canvasser,47,45,54,55
Same-Sex Marriage Script by Gay Canvasser,50,64,47,59
Same-Sex Marriage Script by Gay Canvasser,52,NA,49,44
Same-Sex Marriage Script by Gay Canvasser,50,44,51,41
Same-Sex Marriage Script by Gay Canvasser,100,NA,100,100
Same-Sex Marriage Script by Gay Canvasser,100,100,100,100
Same-Sex Marriage Script by Gay Canvasser,42,NA,33,NA
Same-Sex Marriage Script by Gay Canvasser,73,NA,88,82
Same-Sex Marriage Script by Gay Canvasser,13,19,16,9
Same-Sex Marriage Script by Gay Canvasser,70,NA,94,98
Same-Sex Marriage Script by Gay Canvasser,100,NA,100,100
Same-Sex Marriage Script by Gay Canvasser,92,85,100,98
Same-Sex Marriage Script by Gay Canvasser,40,NA,60,63
Same-Sex Marriage Script by Gay Canvasser,20,37,NA,34
Same-Sex Marriage Script by Gay Canvasser,33,35,47,34
Same-Sex Marriage Script by Gay Canvasser,88,83,83,NA
Same-Sex Marriage Script by Gay Canvasser,13,NA,21,8
Same-Sex Marriage Script by Gay Canvasser,96,100,99,100
Same-Sex Marriage Script by Gay Canvasser,70,73,67,86
Same-Sex Marriage Script by Gay Canvasser,86,90,88,82
Same-Sex Marriage Script by Gay Canvasser,50,51,57,46
Same-Sex Marriage Script by Gay Canvasser,80,84,70,85
Same-Sex Marriage Script by Gay Canvasser,100,100,95,100
Same-Sex Marriage Script by Gay Canvasser,94,100,NA,100
Same-Sex Marriage Script by Gay Canvasser,66,82,NA,67
Same-Sex Marriage Script by Gay Canvasser,100,99,100,98
Same-Sex Marriage Script by Gay Canvasser,55,33,60,49
Same-Sex Marriage Script by Gay Canvasser,56,56,56,62
Same-Sex Marriage Script by Gay Canvasser,65,61,59,67
Same-Sex Marriage Script by Gay Canvasser,54,65,NA,65
Same-Sex Marriage Script by Gay Canvasser,50,51,52,51
Same-Sex Marriage Script by Gay Canvasser,50,47,43,49
Same-Sex Marriage Script by Gay Canvasser,92,98,100,78
Same-Sex Marriage Script by Gay Canvasser,51,NA,45,56
Same-Sex Marriage Script by Gay Canvasser,91,91,86,98
Same-Sex Marriage Script by Gay Canvasser,52,46,56,62
Same-Sex Marriage Script by Gay Canvasser,100,95,96,89
Same-Sex Marriage Script by Gay Canvasser,32,39,40,25
Same-Sex Marriage Script by Gay Canvasser,90,100,87,88
Same-Sex Marriage Script by Gay Canvasser,50,74,NA,73
Same-Sex Marriage Script by Gay Canvasser,100,100,100,100
Same-Sex Marriage Script by Gay Canvasser,100,100,92,100
Same-Sex Marriage Script by Gay Canvasser,70,71,50,76
Same-Sex Marriage Script by Gay Canvasser,50,45,50,50
Same-Sex Marriage Script by Gay Canvasser,4,0,9,8
Same-Sex Marriage Script by Gay Canvasser,71,82,80,72
Same-Sex Marriage Script by Gay Canvasser,98,NA,100,90
Same-Sex Marriage Script by Gay Canvasser,87,92,95,82
Same-Sex Marriage Script by Gay Canvasser,39,31,31,34
Same-Sex Marriage Script by Gay Canvasser,100,98,98,88
Same-Sex Marriage Script by Gay Canvasser,100,NA,100,100
Same-Sex Marriage Script by Gay Canvasser,99,75,91,86
Same-Sex Marriage Script by Gay Canvasser,50,49,47,43
Same-Sex Marriage Script by Gay Canvasser,51,48,39,54
Same-Sex Marriage Script by Gay Canvasser,80,73,95,66
Same-Sex Marriage Script by Gay Canvasser,22,19,17,23
Same-Sex Marriage Script by Gay Canvasser,86,79,100,88
Same-Sex Marriage Script by Gay Canvasser,50,52,47,60
Same-Sex Marriage Script by Gay Canvasser,99,100,NA,95
Same-Sex Marriage Script by Gay Canvasser,100,96,100,100
Same-Sex Marriage Script by Gay Canvasser,25,11,24,28
Same-Sex Marriage Script by Gay Canvasser,50,50,57,41
Same-Sex Marriage Script by Gay Canvasser,41,30,NA,59
Same-Sex Marriage Script by Gay Canvasser,100,NA,100,100
Same-Sex Marriage Script by Gay Canvasser,51,56,43,56
Same-Sex Marriage Script by Gay Canvasser,61,54,57,75
Same-Sex Marriage Script by Gay Canvasser,50,65,62,65
Same-Sex Marriage Script by Gay Canvasser,90,100,100,84
Same-Sex Marriage Script by Gay Canvasser,100,100,100,100
Same-Sex Marriage Script by Gay Canvasser,50,49,NA,NA
Same-Sex Marriage Script by Gay Canvasser,60,68,58,67
Same-Sex Marriage Script by Gay Canvasser,90,86,NA,96
Same-Sex Marriage Script by Gay Canvasser,44,NA,57,42
Same-Sex Marriage Script by Gay Canvasser,98,95,100,99
Same-Sex Marriage Script by Gay Canvasser,9,25,14,10
Same-Sex Marriage Script by Gay Canvasser,60,77,71,71
Same-Sex Marriage Script by Gay Canvasser,95,99,92,79
Same-Sex Marriage Script by Gay Canvasser,31,30,28,39
Same-Sex Marriage Script by Gay Canvasser,13,11,15,29
Same-Sex Marriage Script by Gay Canvasser,69,62,71,64
Same-Sex Marriage Script by Gay Canvasser,3,0,10,11
Same-Sex Marriage Script by Gay Canvasser,100,98,NA,NA
Same-Sex Marriage Script by Gay Canvasser,50,48,NA,57
Same-Sex Marriage Script by Gay Canvasser,50,68,NA,78
Same-Sex Marriage Script by Gay Canvasser,15,19,2,0
Same-Sex Marriage Script by Gay Canvasser,100,99,NA,100
Same-Sex Marriage Script by Gay Canvasser,75,NA,89,89
Same-Sex Marriage Script by Gay Canvasser,53,63,71,56
Same-Sex Marriage Script by Gay Canvasser,60,75,50,NA
Same-Sex Marriage Script by Gay Canvasser,57,45,59,70
Same-Sex Marriage Script by Gay Canvasser,48,46,45,32
Same-Sex Marriage Script by Gay Canvasser,100,100,92,NA
Same-Sex Marriage Script by Gay Canvasser,50,41,64,44
Same-Sex Marriage Script by Gay Canvasser,52,52,59,NA
Same-Sex Marriage Script by Gay Canvasser,3,NA,0,9
Same-Sex Marriage Script by Gay Canvasser,96,93,100,NA
Same-Sex Marriage Script by Gay Canvasser,23,18,15,30
Same-Sex Marriage Script by Gay Canvasser,61,48,68,63
Same-Sex Marriage Script by Gay Canvasser,3,17,NA,45
Same-Sex Marriage Script by Gay Canvasser,98,98,100,100
Same-Sex Marriage Script by Gay Canvasser,75,70,68,92
Same-Sex Marriage Script by Gay Canvasser,95,100,100,98
Same-Sex Marriage Script by Gay Canvasser,88,88,94,92
Same-Sex Marriage Script by Gay Canvasser,24,22,26,NA
Same-Sex Marriage Script by Gay Canvasser,8,12,0,11
Same-Sex Marriage Script by Gay Canvasser,62,78,78,78
Same-Sex Marriage Script by Gay Canvasser,86,NA,100,NA
Same-Sex Marriage Script by Gay Canvasser,100,93,100,100
Same-Sex Marriage Script by Gay Canvasser,50,48,55,49
Same-Sex Marriage Script by Gay Canvasser,2,0,7,14
Same-Sex Marriage Script by Gay Canvasser,93,89,100,70
Same-Sex Marriage Script by Gay Canvasser,50,48,42,41
Same-Sex Marriage Script by Gay Canvasser,40,48,42,36
Same-Sex Marriage Script by Gay Canvasser,25,41,32,40
Same-Sex Marriage Script by Gay Canvasser,100,100,100,100